-- phpMyAdmin SQL Dump
-- version 4.2.11
-- http://www.phpmyadmin.net
--
-- Host: 127.0.0.1
-- Generation Time: May 19, 2015 at 01:34 PM
-- Server version: 5.6.21
-- PHP Version: 5.5.19

SET SQL_MODE = "NO_AUTO_VALUE_ON_ZERO";
SET time_zone = "+00:00";


/*!40101 SET @OLD_CHARACTER_SET_CLIENT=@@CHARACTER_SET_CLIENT */;
/*!40101 SET @OLD_CHARACTER_SET_RESULTS=@@CHARACTER_SET_RESULTS */;
/*!40101 SET @OLD_COLLATION_CONNECTION=@@COLLATION_CONNECTION */;
/*!40101 SET NAMES utf8 */;

--
-- Database: `computerstore`
--

-- --------------------------------------------------------

--
-- Table structure for table `accessories`
--

CREATE TABLE IF NOT EXISTS `accessories` (
`Id` int(11) unsigned NOT NULL,
  `Name` varchar(50) COLLATE utf8_unicode_ci NOT NULL,
  `Img` varchar(150) COLLATE utf8_unicode_ci NOT NULL,
  `Price` varchar(11) COLLATE utf8_unicode_ci NOT NULL,
  `Feature` varchar(1000) COLLATE utf8_unicode_ci NOT NULL,
  `Warrantee` int(11) NOT NULL,
  `Promotion` int(100) NOT NULL,
  `Brand` varchar(100) CHARACTER SET utf8 NOT NULL
) ENGINE=InnoDB AUTO_INCREMENT=9 DEFAULT CHARSET=utf8 COLLATE=utf8_unicode_ci;

--
-- Dumping data for table `accessories`
--

INSERT INTO `accessories` (`Id`, `Name`, `Img`, `Price`, `Feature`, `Warrantee`, `Promotion`, `Brand`) VALUES
(3, 'Ổ cứng ngoài chống sốc 1TB Storejet 2.5 m3 ', '../images/accessories/hdd1.jpg', '1.999.000', 'Hệ thống chống sốc 3 lớp: Lớp giảm sốc cực dày, vỏ bọc cứng được tăng cường, vỏ ngoài bằng cao su chống trượt.', 1, 0, 'Ổ cứng'),
(4, 'Ổ cứng Western Digital My Pass', '../images/accessories/hdd.jpg', '1.999.000', 'Tốc độ truyền cực nhanh\r\nSao lưu cục bộ và công nghệ lưu trữ đám mây\r\nKết nối với Windows', 1, 0, 'Ổ cứng'),
(5, 'Combo Dán Film + Dán Màn hình', '../images/accessories/combo2.jpg', '219.000', 'Miếng dán màn hình cho Laptop được cắt dán vừa khít với chiếc Laptop của bạn\r\nBảo vệ chiếc Laptop của bạn', 0, 0, 'Combo phụ kiện Laptop'),
(6, 'Combo Laptop Tiện Dụng 14', '../images/accessories/combo1.jpg', '359.000', 'Đế tản nhiệt\r\nTúi chống sốc\r\nPhủ phím', 0, 0, 'Combo phụ kiện Laptop'),
(7, 'Combo Laptop Tiện Dụng 15.6', '../images/accessories/combo1.jpg', '419.000', 'Bộ combo đặc biệt dành cho Laptop 15.6 inch gồm: Đế tản nhiệt, chuột dây, tấm phủ bàn phím, túi chống sốc, bộ vệ sinh', 0, 0, 'Combo phụ kiện Laptop'),
(8, 'Logitech Z313', '../images/accessories/H4.jpg', '670.000', 'Công suất tổng: 25 watts\r\nCông suất cực đại: 50 watts\r\nTần số đáp ứng: 48 Hz-20kHz\r\nKết nối: jack: 3.5mm', 1, 0, 'Loa dàn');

-- --------------------------------------------------------

--
-- Table structure for table `category`
--

CREATE TABLE IF NOT EXISTS `category` (
`Id` int(11) NOT NULL,
  `Name` varchar(20) COLLATE utf8_unicode_ci NOT NULL,
  `FolderContain` varchar(50) COLLATE utf8_unicode_ci NOT NULL
) ENGINE=InnoDB AUTO_INCREMENT=7 DEFAULT CHARSET=utf8 COLLATE=utf8_unicode_ci;

--
-- Dumping data for table `category`
--

INSERT INTO `category` (`Id`, `Name`, `FolderContain`) VALUES
(1, 'MÁY BÀN (PC)', 'May-Ban-PC'),
(2, 'Laptop', 'May-Tinh-Xach-Tay'),
(3, 'PHỤ KIỆN', 'Phu-Kien');

-- --------------------------------------------------------

--
-- Table structure for table `category_detail`
--

CREATE TABLE IF NOT EXISTS `category_detail` (
`Id` int(11) NOT NULL,
  `Name` varchar(50) COLLATE utf32_unicode_ci NOT NULL,
  `Category_id` int(11) NOT NULL
) ENGINE=InnoDB AUTO_INCREMENT=43 DEFAULT CHARSET=utf32 COLLATE=utf32_unicode_ci;

--
-- Dumping data for table `category_detail`
--

INSERT INTO `category_detail` (`Id`, `Name`, `Category_id`) VALUES
(11, 'Apple (Macbook)', 2),
(12, 'Asus', 2),
(13, 'Acer', 2),
(14, 'Dell', 2),
(15, 'HP', 2),
(16, 'Lenovo', 2),
(17, 'Toshiba', 2),
(18, 'Sony', 2),
(19, 'Ổ cứng', 3),
(20, 'Miếng dán màn hình', 3),
(21, 'Combo phụ kiện Laptop', 3),
(22, 'Sạc Laptop', 3),
(23, 'Balô & Túi', 3),
(24, 'Đế tản nhiệt', 3),
(25, 'Bàn phím', 3),
(26, 'Loa dàn', 3),
(27, 'Thiết bị mạng Laptop', 3),
(28, 'Tai nghe Laptop', 3),
(29, 'Chuột', 3),
(35, 'USB', 3),
(38, 'Dell - PC', 1),
(39, 'HP - PC', 1),
(40, 'Acer - PC', 1),
(41, 'Asus - PC', 1),
(42, 'Apple - PC', 1);

-- --------------------------------------------------------

--
-- Table structure for table `customer`
--

CREATE TABLE IF NOT EXISTS `customer` (
`Id` int(11) NOT NULL,
  `Username` varchar(255) COLLATE utf8_unicode_ci NOT NULL,
  `Password` varchar(255) COLLATE utf8_unicode_ci NOT NULL,
  `FullName` varchar(255) COLLATE utf8_unicode_ci NOT NULL,
  `Email` varchar(50) COLLATE utf8_unicode_ci NOT NULL,
  `Level` int(10) unsigned NOT NULL DEFAULT '2'
) ENGINE=InnoDB AUTO_INCREMENT=10 DEFAULT CHARSET=utf8 COLLATE=utf8_unicode_ci;

--
-- Dumping data for table `customer`
--

INSERT INTO `customer` (`Id`, `Username`, `Password`, `FullName`, `Email`, `Level`) VALUES
(1, 'admin', 'admin', 'Truong Tran Quang Huy', 'admin@gmail.com', 1),
(6, '51002271', '51002271', 'Ngo Minh Nhat', '51002271@hcmut.edu.vn', 1),
(7, 'guest', '', 'Guest', 'guest@gmail.com', 2);

-- --------------------------------------------------------

--
-- Table structure for table `laptop`
--

CREATE TABLE IF NOT EXISTS `laptop` (
`Id` int(11) NOT NULL,
  `Brand` varchar(20) COLLATE utf8_unicode_ci NOT NULL,
  `Name` varchar(50) COLLATE utf8_unicode_ci NOT NULL,
  `Img` varchar(150) COLLATE utf8_unicode_ci NOT NULL,
  `Price` varchar(11) COLLATE utf8_unicode_ci NOT NULL,
  `Feature` varchar(1000) COLLATE utf8_unicode_ci NOT NULL,
  `Warrantee` int(11) NOT NULL,
  `Promotion` varchar(100) COLLATE utf8_unicode_ci NOT NULL,
  `Detail` varchar(5000) COLLATE utf8_unicode_ci NOT NULL,
  `Is_New_Product` tinyint(1) NOT NULL
) ENGINE=InnoDB AUTO_INCREMENT=41 DEFAULT CHARSET=utf8 COLLATE=utf8_unicode_ci;

--
-- Dumping data for table `laptop`
--

INSERT INTO `laptop` (`Id`, `Brand`, `Name`, `Img`, `Price`, `Feature`, `Warrantee`, `Promotion`, `Detail`, `Is_New_Product`) VALUES
(14, 'Asus', 'Asus P550LAV-XX599D', '../images/temp/Asus P550LAV-XX599D_logo.jpg', '9.990.000', 'Bộ xử lý : Intel Core i3 4010U 1.7 Ghz\r\nRAM : 4 GB\r\nHDD : 500 GB', 1, 'Chuột quang', '\r\n	<table class="productinfo">\r\n		<tbody>\r\n			<tr>\r\n				<td class="col1">\r\n					M&agrave;n h&igrave;nh</td>\r\n				<td>\r\n					<table>\r\n						<tbody>\r\n							<tr>\r\n								<td class="col1">\r\n									K&iacute;ch thước m&agrave;n h&igrave;nh</td>\r\n								<td>\r\n									15.6 inch</td>\r\n							</tr>\r\n							<tr>\r\n								<td class="col1">\r\n									Độ ph&acirc;n giải (W x H)</td>\r\n								<td>\r\n									1366 x 768 pixels</td>\r\n							</tr>\r\n							<tr>\r\n								<td class="col1">\r\n									C&ocirc;ng nghệ m&agrave;n h&igrave;nh</td>\r\n								<td>\r\n									HD LED</td>\r\n							</tr>\r\n							<tr>\r\n								<td class="col1">\r\n									Cảm ứng</td>\r\n								<td>\r\n									Kh&ocirc;ng</td>\r\n							</tr>\r\n						</tbody>\r\n					</table>\r\n				</td>\r\n			</tr>\r\n			<tr>\r\n				<td class="col1">\r\n					Bộ xử l&yacute;</td>\r\n				<td>\r\n					<table>\r\n						<tbody>\r\n							<tr>\r\n								<td class="col1">\r\n									H&atilde;ng CPU</td>\r\n								<td>\r\n									Intel</td>\r\n							</tr>\r\n							<tr>\r\n								<td class="col1">\r\n									C&ocirc;ng nghệ CPU</td>\r\n								<td>\r\n									Core i3</td>\r\n							</tr>\r\n							<tr>\r\n								<td class="col1">\r\n									Loại CPU</td>\r\n								<td>\r\n									4010U</td>\r\n							</tr>\r\n							<tr>\r\n								<td class="col1">\r\n									Tốc độ</td>\r\n								<td>\r\n									1.7 Ghz</td>\r\n							</tr>\r\n							<tr>\r\n								<td class="col1">\r\n									Bộ nhớ đệm</td>\r\n								<td>\r\n									3 MB (L3 Cache)</td>\r\n							</tr>\r\n							<tr>\r\n								<td class="col1">\r\n									Tốc độ tối đa</td>\r\n								<td>\r\n									Kh&ocirc;ng</td>\r\n							</tr>\r\n						</tbody>\r\n					</table>\r\n				</td>\r\n			</tr>\r\n			<tr>\r\n				<td class="col1">\r\n					Bo mạch</td>\r\n				<td>\r\n					<table>\r\n						<tbody>\r\n							<tr>\r\n								<td class="col1">\r\n									Chipset</td>\r\n								<td>\r\n									Intel Chipset</td>\r\n							</tr>\r\n							<tr>\r\n								<td class="col1">\r\n									Tốc độ Bus</td>\r\n								<td>\r\n									1600 MHz</td>\r\n							</tr>\r\n							<tr>\r\n								<td class="col1">\r\n									Hỗ trợ RAM tối đa</td>\r\n								<td>\r\n									8 GB</td>\r\n							</tr>\r\n						</tbody>\r\n					</table>\r\n				</td>\r\n			</tr>\r\n			<tr>\r\n				<td class="col1">\r\n					Bộ nhớ</td>\r\n				<td>\r\n					<table>\r\n						<tbody>\r\n							<tr>\r\n								<td class="col1">\r\n									Dung lượng RAM</td>\r\n								<td>\r\n									4 GB</td>\r\n							</tr>\r\n							<tr>\r\n								<td class="col1">\r\n									Loại RAM</td>\r\n								<td>\r\n									DDR3</td>\r\n							</tr>\r\n							<tr>\r\n								<td class="col1">\r\n									Tốc độ BUS RAM</td>\r\n								<td>\r\n									1600 MHz</td>\r\n							</tr>\r\n						</tbody>\r\n					</table>\r\n				</td>\r\n			</tr>\r\n			<tr>\r\n				<td class="col1">\r\n					Đĩa cứng</td>\r\n				<td>\r\n					<table>\r\n						<tbody>\r\n							<tr>\r\n								<td class="col1">\r\n									Loại ổ đĩa</td>\r\n								<td>\r\n									HDD</td>\r\n							</tr>\r\n							<tr>\r\n								<td class="col1">\r\n									Dung lượng ổ đĩa</td>\r\n								<td>\r\n									500 GB</td>\r\n							</tr>\r\n						</tbody>\r\n					</table>\r\n				</td>\r\n			</tr>\r\n			<tr>\r\n				<td class="col1">\r\n					Đồ họa</td>\r\n				<td>\r\n					<table>\r\n						<tbody>\r\n							<tr>\r\n								<td class="col1">\r\n									Chipset đồ họa</td>\r\n								<td>\r\n									Intel HD Graphics 4400</td>\r\n							</tr>\r\n							<tr>\r\n								<td class="col1">\r\n									Bộ nhớ đồ họa</td>\r\n								<td>\r\n									Share</td>\r\n							</tr>\r\n							<tr>\r\n								<td class="col1">\r\n									Kiểu thiết kế đồ họa</td>\r\n								<td>\r\n									T&iacute;ch hợp</td>\r\n							</tr>\r\n						</tbody>\r\n					</table>\r\n				</td>\r\n			</tr>\r\n			<tr>\r\n				<td class="col1">\r\n					&Acirc;m thanh</td>\r\n				<td>\r\n					<table>\r\n						<tbody>\r\n							<tr>\r\n								<td class="col1">\r\n									K&ecirc;nh &acirc;m thanh</td>\r\n								<td>\r\n									2.0</td>\r\n							</tr>\r\n							<tr>\r\n								<td class="col1">\r\n									C&ocirc;ng nghệ</td>\r\n								<td>\r\n									High Definition (HD) Audio</td>\r\n							</tr>\r\n						</tbody>\r\n					</table>\r\n				</td>\r\n			</tr>\r\n			<tr>\r\n				<td class="col1">\r\n					Đĩa quang</td>\r\n				<td>\r\n					<table>\r\n						<tbody>\r\n							<tr>\r\n								<td class="col1">\r\n									T&iacute;ch hợp</td>\r\n								<td>\r\n									C&oacute;</td>\r\n							</tr>\r\n							<tr>\r\n								<td class="col1">\r\n									Loại đĩa quang</td>\r\n								<td>\r\n									DVD RW</td>\r\n							</tr>\r\n						</tbody>\r\n					</table>\r\n				</td>\r\n			</tr>\r\n			<tr>\r\n				<td class="col1">\r\n					T&iacute;nh năng mở rộng &amp; cổng giao tiếp</td>\r\n				<td>\r\n					<table>\r\n						<tbody>\r\n							<tr>\r\n								<td class="col1">\r\n									Cổng giao tiếp</td>\r\n								<td>\r\n									1 x USB 3.0 + 1 x USB 2.0 port, HDMI</td>\r\n							</tr>\r\n						</tbody>\r\n					</table>\r\n				</td>\r\n			</tr>\r\n			<tr>\r\n				<td class="col1">\r\n					Giao tiếp mạng</td>\r\n				<td>\r\n					<table>\r\n						<tbody>\r\n							<tr>\r\n								<td class="col1">\r\n									Lan</td>\r\n								<td>\r\n									10/100Mbps</td>\r\n							</tr>\r\n							<tr>\r\n								<td class="col1">\r\n									Chuẩn Wifi</td>\r\n								<td>\r\n									IEEE 802.11b/g/n&amp;a</td>\r\n							</', 0),
(15, 'Asus', 'Asus UX305FA-FC089H', '../images/temp/Asus UX305FA-FC089H_logo.jpg', '17.990.000', 'Bộ xử lý : Intel® Core™ M 5Y10\r\nRAM : 8 GB\r\nSSD : 128 GB\r\nĐồ họa : Intel HD Graphics', 2, 'Túi xách chính hãng', '\r\n	<table class="productinfo">\r\n		<tbody>\r\n			<tr>\r\n				<td class="col1">\r\n					M&agrave;n h&igrave;nh</td>\r\n				<td>\r\n					<table>\r\n						<tbody>\r\n							<tr>\r\n								<td class="col1">\r\n									K&iacute;ch thước m&agrave;n h&igrave;nh</td>\r\n								<td>\r\n									13.3 inch</td>\r\n							</tr>\r\n							<tr>\r\n								<td class="col1">\r\n									Độ ph&acirc;n giải (W x H)</td>\r\n								<td>\r\n									1920 x 1080 pixels</td>\r\n							</tr>\r\n							<tr>\r\n								<td class="col1">\r\n									C&ocirc;ng nghệ m&agrave;n h&igrave;nh</td>\r\n								<td>\r\n									Full HD</td>\r\n							</tr>\r\n							<tr>\r\n								<td class="col1">\r\n									Cảm ứng</td>\r\n								<td>\r\n									Kh&ocirc;ng</td>\r\n							</tr>\r\n						</tbody>\r\n					</table>\r\n				</td>\r\n			</tr>\r\n			<tr>\r\n				<td class="col1">\r\n					Bộ xử l&yacute;</td>\r\n				<td>\r\n					<table>\r\n						<tbody>\r\n							<tr>\r\n								<td class="col1">\r\n									H&atilde;ng CPU</td>\r\n								<td>\r\n									Intel</td>\r\n							</tr>\r\n							<tr>\r\n								<td class="col1">\r\n									C&ocirc;ng nghệ CPU</td>\r\n								<td>\r\n									Core&trade; M</td>\r\n							</tr>\r\n							<tr>\r\n								<td class="col1">\r\n									Loại CPU</td>\r\n								<td>\r\n									5Y10</td>\r\n							</tr>\r\n							<tr>\r\n								<td class="col1">\r\n									Tốc độ</td>\r\n								<td>\r\n									0.8 Ghz</td>\r\n							</tr>\r\n							<tr>\r\n								<td class="col1">\r\n									Bộ nhớ đệm</td>\r\n								<td>\r\n									4 MB (L3 Cache)</td>\r\n							</tr>\r\n							<tr>\r\n								<td class="col1">\r\n									Tốc độ tối đa</td>\r\n								<td>\r\n									2.0 Ghz</td>\r\n							</tr>\r\n						</tbody>\r\n					</table>\r\n				</td>\r\n			</tr>\r\n			<tr>\r\n				<td class="col1">\r\n					Bo mạch</td>\r\n				<td>\r\n					<table>\r\n						<tbody>\r\n							<tr>\r\n								<td class="col1">\r\n									Chipset</td>\r\n								<td>\r\n									Intel Chipset</td>\r\n							</tr>\r\n							<tr>\r\n								<td class="col1">\r\n									Tốc độ Bus</td>\r\n								<td>\r\n									1600 MHz</td>\r\n							</tr>\r\n						</tbody>\r\n					</table>\r\n				</td>\r\n			</tr>\r\n		</tbody>\r\n	</table>\r\n\r\n', 0),
(16, 'Asus', 'Asus X450CA-WX325D', '../images/temp/Asus X450CA-WX325D_logo.jpg', '8.390.000', 'Bộ xử lý : Intel Core i3 3217U\r\nRAM : 4 GG\r\nHDD : 500 GB\r\nĐồ họa : Intel HD Graphics', 2, 'Tai nghe', '	<table class="productinfo">		<tbody>			<tr>				<td class="col1">					M&agrave;n h&igrave;nh</td>				<td>					<table>						<tbody>							<tr>								<td class="col1">									K&iacute;ch thước m&agrave;n h&igrave;nh</td>								<td>									14 inch</td>							</tr>							<tr>								<td class="col1">									Độ ph&acirc;n giải (W x H)</td>								<td>									1366 x 768 pixels</td>							</tr>							<tr>								<td class="col1">									C&ocirc;ng nghệ m&agrave;n h&igrave;nh</td>								<td>									HD LED</td>							</tr>							<tr>								<td class="col1">									Cảm ứng</td>								<td>									Kh&ocirc;ng</td>							</tr>						</tbody>					</table>				</td>			</tr>			<tr>				<td class="col1">					Bộ xử l&yacute;</td>				<td>					<table>						<tbody>							<tr>								<td class="col1">									H&atilde;ng CPU</td>								<td>									Intel</td>							</tr>							<tr>								<td class="col1">									C&ocirc;ng nghệ CPU</td>								<td>									Core i3</td>							</tr>							<tr>								<td class="col1">									Loại CPU</td>								<td>									3217U</td>							</tr>							<tr>								<td class="col1">									Tốc độ</td>								<td>									1.8 Ghz</td>							</tr>							<tr>								<td class="col1">									Bộ nhớ đệm</td>								<td>									3 MB (L3 Cache)</td>							</tr>							<tr>								<td class="col1">									Tốc độ tối đa</td>								<td>									Kh&ocirc;ng</td>							</tr>						</tbody>					</table>				</td>			</tr>			<tr>				<td class="col1">					Bo mạch</td>				<td>					<table>						<tbody>							<tr>								<td class="col1">									Chipset</td>								<td>									Intel Chipset</td>							</tr>							<tr>								<td class="col1">									Tốc độ Bus</td>								<td>									1600 MHz</td>							</tr>						</tbody>					</table>				</td>			</tr>		</tbody>	</table>', 0),
(17, 'Asus', 'Asus T200TA-CP004H', '../images/temp/Asus T200TA-CP004H_4.jpg', '9.990.000', 'Bộ xử lý : Quad Core Z3775 1.46 GHz\r\nRAM : 2 GB\r\n500 GB HDD + 32 GB SSD\r\nĐồ họa : Intel HD Graphics', 1, 'Chuột quang', '\r\n	<table class="productinfo">\r\n		<tbody>\r\n			<tr>\r\n				<td class="col1">\r\n					M&agrave;n h&igrave;nh</td>\r\n				<td>\r\n					<table>\r\n						<tbody>\r\n							<tr>\r\n								<td class="col1">\r\n									K&iacute;ch thước m&agrave;n h&igrave;nh</td>\r\n								<td>\r\n									11.6 inch</td>\r\n							</tr>\r\n							<tr>\r\n								<td class="col1">\r\n									Độ ph&acirc;n giải (W x H)</td>\r\n								<td>\r\n									1366 x 768 pixels</td>\r\n							</tr>\r\n							<tr>\r\n								<td class="col1">\r\n									C&ocirc;ng nghệ m&agrave;n h&igrave;nh</td>\r\n								<td>\r\n									IPS HD</td>\r\n							</tr>\r\n							<tr>\r\n								<td class="col1">\r\n									Cảm ứng</td>\r\n								<td>\r\n									Đa điểm</td>\r\n							</tr>\r\n						</tbody>\r\n					</table>\r\n				</td>\r\n			</tr>\r\n			<tr>\r\n				<td class="col1">\r\n					Bộ xử l&yacute;</td>\r\n				<td>\r\n					<table>\r\n						<tbody>\r\n							<tr>\r\n								<td class="col1">\r\n									H&atilde;ng CPU</td>\r\n								<td>\r\n									Intel</td>\r\n							</tr>\r\n							<tr>\r\n								<td class="col1">\r\n									C&ocirc;ng nghệ CPU</td>\r\n								<td>\r\n									Quad Core</td>\r\n							</tr>\r\n							<tr>\r\n								<td class="col1">\r\n									Loại CPU</td>\r\n								<td>\r\n									Z3775</td>\r\n							</tr>\r\n							<tr>\r\n								<td class="col1">\r\n									Tốc độ</td>\r\n								<td>\r\n									1.46 Ghz</td>\r\n							</tr>\r\n							<tr>\r\n								<td class="col1">\r\n									Bộ nhớ đệm</td>\r\n								<td>\r\n									2MB cache</td>\r\n							</tr>\r\n							<tr>\r\n								<td class="col1">\r\n									Tốc độ tối đa</td>\r\n								<td>\r\n									2.39 Ghz</td>\r\n							</tr>\r\n						</tbody>\r\n					</table>\r\n				</td>\r\n			</tr>\r\n			<tr>\r\n				<td class="col1">\r\n					Bo mạch</td>\r\n				<td>\r\n					<table>\r\n						<tbody>\r\n							<tr>\r\n								<td class="col1">\r\n									Chipset</td>\r\n								<td>\r\n									Intel Chipset</td>\r\n							</tr>\r\n							<tr>\r\n								<td class="col1">\r\n									Tốc độ Bus</td>\r\n								<td>\r\n									1066Mhz</td>\r\n							</tr>\r\n						</tbody>\r\n					</table>\r\n				</td>\r\n			</tr>\r\n		</tbody>\r\n	</table>\r\n\r\n', 0),
(18, 'Asus', 'Asus K555LN-XX156D', '../images/temp/Asus P550LNV-XO220D_logo.jpg', '13.990.000', 'Bộ xử lý : Intel Core i5 4210U\r\nRAM : 4 GB\r\nHDD : 500 GB\r\nĐồ họa : NVIDIA GeForce 840M 2GB', 1, 'Ổ cứng di động TOSHIBA 1TB', '\r\n	<table class="productinfo">\r\n		<tbody>\r\n			<tr>\r\n				<td class="col1">\r\n					M&agrave;n h&igrave;nh</td>\r\n				<td>\r\n					<table>\r\n						<tbody>\r\n							<tr>\r\n								<td class="col1">\r\n									K&iacute;ch thước m&agrave;n h&igrave;nh</td>\r\n								<td>\r\n									15.6 inch</td>\r\n							</tr>\r\n							<tr>\r\n								<td class="col1">\r\n									Độ ph&acirc;n giải (W x H)</td>\r\n								<td>\r\n									1366 x 768 pixels</td>\r\n							</tr>\r\n							<tr>\r\n								<td class="col1">\r\n									C&ocirc;ng nghệ m&agrave;n h&igrave;nh</td>\r\n								<td>\r\n									HD LED</td>\r\n							</tr>\r\n							<tr>\r\n								<td class="col1">\r\n									Cảm ứng</td>\r\n								<td>\r\n									Kh&ocirc;ng</td>\r\n							</tr>\r\n						</tbody>\r\n					</table>\r\n				</td>\r\n			</tr>\r\n			<tr>\r\n				<td class="col1">\r\n					Bộ xử l&yacute;</td>\r\n				<td>\r\n					<table>\r\n						<tbody>\r\n							<tr>\r\n								<td class="col1">\r\n									H&atilde;ng CPU</td>\r\n								<td>\r\n									Intel</td>\r\n							</tr>\r\n							<tr>\r\n								<td class="col1">\r\n									C&ocirc;ng nghệ CPU</td>\r\n								<td>\r\n									Core i5</td>\r\n							</tr>\r\n							<tr>\r\n								<td class="col1">\r\n									Loại CPU</td>\r\n								<td>\r\n									4210U</td>\r\n							</tr>\r\n							<tr>\r\n								<td class="col1">\r\n									Tốc độ</td>\r\n								<td>\r\n									1.70 GHz</td>\r\n							</tr>\r\n							<tr>\r\n								<td class="col1">\r\n									Bộ nhớ đệm</td>\r\n								<td>\r\n									3 MB (L3 Cache)</td>\r\n							</tr>\r\n							<tr>\r\n								<td class="col1">\r\n									Tốc độ tối đa</td>\r\n								<td>\r\n									2.7 GHz</td>\r\n							</tr>\r\n						</tbody>\r\n					</table>\r\n				</td>\r\n			</tr>\r\n			<tr>\r\n				<td class="col1">\r\n					Bo mạch</td>\r\n				<td>\r\n					<table>\r\n						<tbody>\r\n							<tr>\r\n								<td class="col1">\r\n									Chipset</td>\r\n								<td>\r\n									Intel Chipset</td>\r\n							</tr>\r\n							<tr>\r\n								<td class="col1">\r\n									Tốc độ Bus</td>\r\n								<td>\r\n									1600 MHz</td>\r\n							</tr>\r\n						</tbody>\r\n					</table>\r\n				</td>\r\n			</tr>\r\n		</tbody>\r\n	</table>\r\n\r\n', 0),
(19, 'Asus', 'Asus P550LA-XO217D', '../images/temp/Asus K455LA-WX072D_logo.jpg', '11.990.000', 'Bộ xử lý: Intel® Core™ i5-4200U 1.6Ghz-3Mb\r\nRAM: 4 GB\r\nHDD: 500 GB\r\nMàn hình: 15.6 inches\r\nĐồ họa: Intel® HD Graphics 4000', 2, 'Túi xách chính hãng', '\r\n	<table class="productinfo">\r\n		<tbody>\r\n			<tr>\r\n				<td class="col1">\r\n					M&agrave;n h&igrave;nh</td>\r\n				<td>\r\n					<table>\r\n						<tbody>\r\n							<tr>\r\n								<td class="col1">\r\n									K&iacute;ch thước m&agrave;n h&igrave;nh</td>\r\n								<td>\r\n									15.6 inch</td>\r\n							</tr>\r\n							<tr>\r\n								<td class="col1">\r\n									Độ ph&acirc;n giải (W x H)</td>\r\n								<td>\r\n									1366x768 pixels</td>\r\n							</tr>\r\n							<tr>\r\n								<td class="col1">\r\n									C&ocirc;ng nghệ m&agrave;n h&igrave;nh</td>\r\n								<td>\r\n									LED BackLit</td>\r\n							</tr>\r\n							<tr>\r\n								<td class="col1">\r\n									Cảm ứng</td>\r\n								<td>\r\n									Kh&ocirc;ng</td>\r\n							</tr>\r\n						</tbody>\r\n					</table>\r\n				</td>\r\n			</tr>\r\n			<tr>\r\n				<td class="col1">\r\n					Bộ xử l&yacute;</td>\r\n				<td>\r\n					<table>\r\n						<tbody>\r\n							<tr>\r\n								<td class="col1">\r\n									H&atilde;ng CPU</td>\r\n								<td>\r\n									Intel</td>\r\n							</tr>\r\n							<tr>\r\n								<td class="col1">\r\n									C&ocirc;ng nghệ CPU</td>\r\n								<td>\r\n									Core i5</td>\r\n							</tr>\r\n							<tr>\r\n								<td class="col1">\r\n									Loại CPU</td>\r\n								<td>\r\n									4200U</td>\r\n							</tr>\r\n							<tr>\r\n								<td class="col1">\r\n									Tốc độ</td>\r\n								<td>\r\n									1.60 GHz</td>\r\n							</tr>\r\n							<tr>\r\n								<td class="col1">\r\n									Bộ nhớ đệm</td>\r\n								<td>\r\n									3 MB (L3 Cache)</td>\r\n							</tr>\r\n							<tr>\r\n								<td class="col1">\r\n									Tốc độ tối đa</td>\r\n								<td>\r\n									2.6 GHz</td>\r\n							</tr>\r\n						</tbody>\r\n					</table>\r\n				</td>\r\n			</tr>\r\n			<tr>\r\n				<td class="col1">\r\n					Bo mạch</td>\r\n				<td>\r\n					<table>\r\n						<tbody>\r\n							<tr>\r\n								<td class="col1">\r\n									Chipset</td>\r\n								<td>\r\n									Intel Core i5 4200U</td>\r\n							</tr>\r\n							<tr>\r\n								<td class="col1">\r\n									Tốc độ Bus</td>\r\n								<td>\r\n									1600 MHz</td>\r\n							</tr>\r\n						</tbody>\r\n					</table>\r\n				</td>\r\n			</tr>\r\n		</tbody>\r\n	</table>\r\n', 0),
(20, 'Asus', 'Asus K455LD-WX086D', '../images/temp/Asus P550LDV-XO848D_logo.jpg', '12.790.000', 'Bộ xử lý : Intel Core i5 4210U\r\nRAM : 4 GB\r\nHDD : 500 GB\r\nĐồ họa : NVIDIA GeForce 820M 2GB', 2, 'Chuột Không Dây', '\r\n	<table class="productinfo">\r\n		<tbody>\r\n			<tr>\r\n				<td class="col1">\r\n					M&agrave;n h&igrave;nh</td>\r\n				<td>\r\n					<table>\r\n						<tbody>\r\n							<tr>\r\n								<td class="col1">\r\n									K&iacute;ch thước m&agrave;n h&igrave;nh</td>\r\n								<td>\r\n									14 inch</td>\r\n							</tr>\r\n							<tr>\r\n								<td class="col1">\r\n									Độ ph&acirc;n giải (W x H)</td>\r\n								<td>\r\n									1280 x 800 pixels</td>\r\n							</tr>\r\n							<tr>\r\n								<td class="col1">\r\n									C&ocirc;ng nghệ m&agrave;n h&igrave;nh</td>\r\n								<td>\r\n									HD LED</td>\r\n							</tr>\r\n							<tr>\r\n								<td class="col1">\r\n									Cảm ứng</td>\r\n								<td>\r\n									Kh&ocirc;ng</td>\r\n							</tr>\r\n						</tbody>\r\n					</table>\r\n				</td>\r\n			</tr>\r\n			<tr>\r\n				<td class="col1">\r\n					Bộ xử l&yacute;</td>\r\n				<td>\r\n					<table>\r\n						<tbody>\r\n							<tr>\r\n								<td class="col1">\r\n									H&atilde;ng CPU</td>\r\n								<td>\r\n									Intel</td>\r\n							</tr>\r\n							<tr>\r\n								<td class="col1">\r\n									C&ocirc;ng nghệ CPU</td>\r\n								<td>\r\n									Core i5</td>\r\n							</tr>\r\n							<tr>\r\n								<td class="col1">\r\n									Loại CPU</td>\r\n								<td>\r\n									4210U</td>\r\n							</tr>\r\n							<tr>\r\n								<td class="col1">\r\n									Tốc độ</td>\r\n								<td>\r\n									1.7 Ghz</td>\r\n							</tr>\r\n							<tr>\r\n								<td class="col1">\r\n									Bộ nhớ đệm</td>\r\n								<td>\r\n									3 MB (L3 Cache)</td>\r\n							</tr>\r\n							<tr>\r\n								<td class="col1">\r\n									Tốc độ tối đa</td>\r\n								<td>\r\n									2.7 GHz</td>\r\n							</tr>\r\n						</tbody>\r\n					</table>\r\n				</td>\r\n			</tr>\r\n			<tr>\r\n				<td class="col1">\r\n					Bo mạch</td>\r\n				<td>\r\n					<table>\r\n						<tbody>\r\n							<tr>\r\n								<td class="col1">\r\n									Chipset</td>\r\n								<td>\r\n									Intel Chipset</td>\r\n							</tr>\r\n							<tr>\r\n								<td class="col1">\r\n									Tốc độ Bus</td>\r\n								<td>\r\n									1600 MHz</td>\r\n							</tr>\r\n						</tbody>\r\n					</table>\r\n				</td>\r\n			</tr>\r\n		</tbody>\r\n	</table>\r\n\r\n', 0),
(21, 'Asus', 'Asus K551LN i5 4210U', '../images/temp/Asus P550LNV-XO220D_logo.jpg', '14.590.000', 'Bộ xử lý: Intel Core i5 4210U - 1.7Ghz\r\nRAM: 4GB DDR3\r\nỔ cứng : 24GB SSD + 500GB HDD', 2, 'Túi xách chính hãng', '\r\n	<table class="productinfo">\r\n		<tbody>\r\n			<tr>\r\n				<td class="col1">\r\n					M&agrave;n h&igrave;nh</td>\r\n				<td>\r\n					<table>\r\n						<tbody>\r\n							<tr>\r\n								<td class="col1">\r\n									K&iacute;ch thước m&agrave;n h&igrave;nh</td>\r\n								<td>\r\n									15.6 inch</td>\r\n							</tr>\r\n							<tr>\r\n								<td class="col1">\r\n									Độ ph&acirc;n giải (W x H)</td>\r\n								<td>\r\n									HD (1366 x 768 pixels)</td>\r\n							</tr>\r\n							<tr>\r\n								<td class="col1">\r\n									C&ocirc;ng nghệ m&agrave;n h&igrave;nh</td>\r\n								<td>\r\n									Splend Video Intelligent</td>\r\n							</tr>\r\n							<tr>\r\n								<td class="col1">\r\n									Cảm ứng</td>\r\n								<td>\r\n									Kh&ocirc;ng</td>\r\n							</tr>\r\n						</tbody>\r\n					</table>\r\n				</td>\r\n			</tr>\r\n			<tr>\r\n				<td class="col1">\r\n					Bộ xử l&yacute;</td>\r\n				<td>\r\n					<table>\r\n						<tbody>\r\n							<tr>\r\n								<td class="col1">\r\n									H&atilde;ng CPU</td>\r\n								<td>\r\n									Intel</td>\r\n							</tr>\r\n							<tr>\r\n								<td class="col1">\r\n									C&ocirc;ng nghệ CPU</td>\r\n								<td>\r\n									Core i5</td>\r\n							</tr>\r\n							<tr>\r\n								<td class="col1">\r\n									Loại CPU</td>\r\n								<td>\r\n									4210U</td>\r\n							</tr>\r\n							<tr>\r\n								<td class="col1">\r\n									Tốc độ</td>\r\n								<td>\r\n									1.7 Ghz</td>\r\n							</tr>\r\n							<tr>\r\n								<td class="col1">\r\n									Bộ nhớ đệm</td>\r\n								<td>\r\n									3 MB, Intel&reg; Smart Cache</td>\r\n							</tr>\r\n							<tr>\r\n								<td class="col1">\r\n									Tốc độ tối đa</td>\r\n								<td>\r\n									Max Turbo Frequency 2.7GHz</td>\r\n							</tr>\r\n						</tbody>\r\n					</table>\r\n				</td>\r\n			</tr>\r\n			<tr>\r\n				<td class="col1">\r\n					Bo mạch</td>\r\n				<td>\r\n					<table>\r\n						<tbody>\r\n							<tr>\r\n								<td class="col1">\r\n									Chipset</td>\r\n								<td>\r\n									Intel HM8 series</td>\r\n							</tr>\r\n							<tr>\r\n								<td class="col1">\r\n									Tốc độ Bus</td>\r\n								<td>\r\n									1600 MHz</td>\r\n							</tr>\r\n						</tbody>\r\n					</table>\r\n				</td>\r\n			</tr>\r\n		</tbody>\r\n	</table>\r\n\r\n', 0),
(22, 'Asus', 'Asus K555LD-XX362D', '../images/temp/Asus P550LAV-XX765D_logo.jpg', '16.690.000', 'Bộ xử lý : Intel Core i7 4510U\r\nRAM : 4 GB\r\nHDD : 1 TB\r\nĐồ họa : Nvidia Geforce GT820 2GB', 2, 'Túi xách chính hãng', '\r\n	<table class="productinfo">\r\n		<tbody>\r\n			<tr>\r\n				<td class="col1">\r\n					M&agrave;n h&igrave;nh</td>\r\n				<td>\r\n					<table>\r\n						<tbody>\r\n							<tr>\r\n								<td class="col1">\r\n									K&iacute;ch thước m&agrave;n h&igrave;nh</td>\r\n								<td>\r\n									15.6 inch</td>\r\n							</tr>\r\n							<tr>\r\n								<td class="col1">\r\n									Độ ph&acirc;n giải (W x H)</td>\r\n								<td>\r\n									1366 x 768 pixels</td>\r\n							</tr>\r\n							<tr>\r\n								<td class="col1">\r\n									C&ocirc;ng nghệ m&agrave;n h&igrave;nh</td>\r\n								<td>\r\n									HD LED</td>\r\n							</tr>\r\n							<tr>\r\n								<td class="col1">\r\n									Cảm ứng</td>\r\n								<td>\r\n									Kh&ocirc;ng</td>\r\n							</tr>\r\n						</tbody>\r\n					</table>\r\n				</td>\r\n			</tr>\r\n			<tr>\r\n				<td class="col1">\r\n					Bộ xử l&yacute;</td>\r\n				<td>\r\n					<table>\r\n						<tbody>\r\n							<tr>\r\n								<td class="col1">\r\n									H&atilde;ng CPU</td>\r\n								<td>\r\n									Intel</td>\r\n							</tr>\r\n							<tr>\r\n								<td class="col1">\r\n									C&ocirc;ng nghệ CPU</td>\r\n								<td>\r\n									Core i7</td>\r\n							</tr>\r\n							<tr>\r\n								<td class="col1">\r\n									Loại CPU</td>\r\n								<td>\r\n									4510U</td>\r\n							</tr>\r\n							<tr>\r\n								<td class="col1">\r\n									Tốc độ</td>\r\n								<td>\r\n									2.0Ghz</td>\r\n							</tr>\r\n							<tr>\r\n								<td class="col1">\r\n									Bộ nhớ đệm</td>\r\n								<td>\r\n									4 MB (L3 Cache)</td>\r\n							</tr>\r\n							<tr>\r\n								<td class="col1">\r\n									Tốc độ tối đa</td>\r\n								<td>\r\n									3.1 GHz</td>\r\n							</tr>\r\n						</tbody>\r\n					</table>\r\n				</td>\r\n			</tr>\r\n			<tr>\r\n				<td class="col1">\r\n					Bo mạch</td>\r\n				<td>\r\n					<table>\r\n						<tbody>\r\n							<tr>\r\n								<td class="col1">\r\n									Chipset</td>\r\n								<td>\r\n									Intel Chipset</td>\r\n							</tr>\r\n							<tr>\r\n								<td class="col1">\r\n									Tốc độ Bus</td>\r\n								<td>\r\n									1600 MHz</td>\r\n							</tr>\r\n						</tbody>\r\n					</table>\r\n				</td>\r\n			</tr>\r\n		</tbody>\r\n	</table>\r\n\r\n', 0),
(23, 'Asus', 'Asus N56JN-CN105D', '../images/temp/Asus G551JM-CN108D_logo.jpg', '22.990.000', 'Bộ xử lý : Intel Core i7 4710HQ\r\nRAM : 8 GB\r\nHDD : 500 GB\r\nĐồ họa : NVIDIA Geforce GT 840 2GB', 2, 'Ổ cứng di động TOSHIBA 1TB', '\r\n	<table class="productinfo">\r\n		<tbody>\r\n			<tr>\r\n				<td class="col1">\r\n					M&agrave;n h&igrave;nh</td>\r\n				<td>\r\n					<table>\r\n						<tbody>\r\n							<tr>\r\n								<td class="col1">\r\n									K&iacute;ch thước m&agrave;n h&igrave;nh</td>\r\n								<td>\r\n									15.6 inch</td>\r\n							</tr>\r\n							<tr>\r\n								<td class="col1">\r\n									Độ ph&acirc;n giải (W x H)</td>\r\n								<td>\r\n									1920 x 1080 pixels</td>\r\n							</tr>\r\n							<tr>\r\n								<td class="col1">\r\n									C&ocirc;ng nghệ m&agrave;n h&igrave;nh</td>\r\n								<td>\r\n									Full HD</td>\r\n							</tr>\r\n							<tr>\r\n								<td class="col1">\r\n									Cảm ứng</td>\r\n								<td>\r\n									Kh&ocirc;ng</td>\r\n							</tr>\r\n						</tbody>\r\n					</table>\r\n				</td>\r\n			</tr>\r\n			<tr>\r\n				<td class="col1">\r\n					Bộ xử l&yacute;</td>\r\n				<td>\r\n					<table>\r\n						<tbody>\r\n							<tr>\r\n								<td class="col1">\r\n									H&atilde;ng CPU</td>\r\n								<td>\r\n									Intel</td>\r\n							</tr>\r\n							<tr>\r\n								<td class="col1">\r\n									C&ocirc;ng nghệ CPU</td>\r\n								<td>\r\n									Core i7</td>\r\n							</tr>\r\n							<tr>\r\n								<td class="col1">\r\n									Loại CPU</td>\r\n								<td>\r\n									4710HQ</td>\r\n							</tr>\r\n							<tr>\r\n								<td class="col1">\r\n									Tốc độ</td>\r\n								<td>\r\n									2.5 GHz</td>\r\n							</tr>\r\n							<tr>\r\n								<td class="col1">\r\n									Bộ nhớ đệm</td>\r\n								<td>\r\n									6 MB, L3 Cache</td>\r\n							</tr>\r\n							<tr>\r\n								<td class="col1">\r\n									Tốc độ tối đa</td>\r\n								<td>\r\n									3.5 GHz</td>\r\n							</tr>\r\n						</tbody>\r\n					</table>\r\n				</td>\r\n			</tr>\r\n			<tr>\r\n				<td class="col1">\r\n					Bo mạch</td>\r\n				<td>\r\n					<table>\r\n						<tbody>\r\n							<tr>\r\n								<td class="col1">\r\n									Chipset</td>\r\n								<td>\r\n									Intel Chipset</td>\r\n							</tr>\r\n							<tr>\r\n								<td class="col1">\r\n									Tốc độ Bus</td>\r\n								<td>\r\n									1600 MHz</td>\r\n							</tr>\r\n						</tbody>\r\n					</table>\r\n				</td>\r\n			</tr>\r\n		</tbody>\r\n	</table>\r\n\r\n', 0),
(24, 'Dell', 'Dell N5547 i7-4510u', '../images/temp/Dell Inspiron-3147_logo.jpg', '18.990.000', 'Bộ xử lý : Intel Core i7\r\nRAM : 8GB\r\nHDD : 1TB\r\nĐồ họa : AMD R7 M265-2GB', 1, 'Chuột quang', '\r\n	<table class="productinfo">\r\n		<tbody>\r\n			<tr>\r\n				<td class="col1">\r\n					M&agrave;n h&igrave;nh</td>\r\n				<td>\r\n					<table>\r\n						<tbody>\r\n							<tr>\r\n								<td class="col1">\r\n									K&iacute;ch thước m&agrave;n h&igrave;nh</td>\r\n								<td>\r\n									15.6 inch</td>\r\n							</tr>\r\n							<tr>\r\n								<td class="col1">\r\n									Độ ph&acirc;n giải (W x H)</td>\r\n								<td>\r\n									1366 x 768 pixels</td>\r\n							</tr>\r\n							<tr>\r\n								<td class="col1">\r\n									C&ocirc;ng nghệ m&agrave;n h&igrave;nh</td>\r\n								<td>\r\n									HD LED</td>\r\n							</tr>\r\n							<tr>\r\n								<td class="col1">\r\n									Cảm ứng</td>\r\n								<td>\r\n									Kh&ocirc;ng</td>\r\n							</tr>\r\n						</tbody>\r\n					</table>\r\n				</td>\r\n			</tr>\r\n			<tr>\r\n				<td class="col1">\r\n					Bộ xử l&yacute;</td>\r\n				<td>\r\n					<table>\r\n						<tbody>\r\n							<tr>\r\n								<td class="col1">\r\n									H&atilde;ng CPU</td>\r\n								<td>\r\n									Intel</td>\r\n							</tr>\r\n							<tr>\r\n								<td class="col1">\r\n									C&ocirc;ng nghệ CPU</td>\r\n								<td>\r\n									Core i7</td>\r\n							</tr>\r\n							<tr>\r\n								<td class="col1">\r\n									Loại CPU</td>\r\n								<td>\r\n									4510U</td>\r\n							</tr>\r\n							<tr>\r\n								<td class="col1">\r\n									Tốc độ</td>\r\n								<td>\r\n									3.1Ghz</td>\r\n							</tr>\r\n							<tr>\r\n								<td class="col1">\r\n									Bộ nhớ đệm</td>\r\n								<td>\r\n									4 MB (L3 Cache)</td>\r\n							</tr>\r\n							<tr>\r\n								<td class="col1">\r\n									Tốc độ tối đa</td>\r\n								<td>\r\n									Kh&ocirc;ng</td>\r\n							</tr>\r\n						</tbody>\r\n					</table>\r\n				</td>\r\n			</tr>\r\n			<tr>\r\n				<td class="col1">\r\n					Bo mạch</td>\r\n				<td>\r\n					<table>\r\n						<tbody>\r\n							<tr>\r\n								<td class="col1">\r\n									Chipset</td>\r\n								<td>\r\n									Intel Chipset</td>\r\n							</tr>\r\n							<tr>\r\n								<td class="col1">\r\n									Tốc độ Bus</td>\r\n								<td>\r\n									1600 MHz</td>\r\n							</tr>\r\n						</tbody>\r\n					</table>\r\n				</td>\r\n			</tr>\r\n		</tbody>\r\n	</table>\r\n\r\n', 0),
(25, 'Dell', 'Dell 15R-N5537-M5I52134', '../images/temp/Dell Inspiron-3148_4.jpg', '14.690.000', 'Bộ xử lý : Intel Core i5 4200U\r\nRAM : 4 GB\r\nHDD : 1TB\r\nĐồ họa : AMD Radeon™ HD 8670 GPU 2GB', 2, 'Chuột Không Dây', '\r\n	<table class="productinfo">\r\n		<tbody>\r\n			<tr>\r\n				<td class="col1">\r\n					M&agrave;n h&igrave;nh</td>\r\n				<td>\r\n					<table>\r\n						<tbody>\r\n							<tr>\r\n								<td class="col1">\r\n									K&iacute;ch thước m&agrave;n h&igrave;nh</td>\r\n								<td>\r\n									15.6 inch</td>\r\n							</tr>\r\n							<tr>\r\n								<td class="col1">\r\n									Độ ph&acirc;n giải (W x H)</td>\r\n								<td>\r\n									1366 x 768 pixels</td>\r\n							</tr>\r\n							<tr>\r\n								<td class="col1">\r\n									C&ocirc;ng nghệ m&agrave;n h&igrave;nh</td>\r\n								<td>\r\n									LED</td>\r\n							</tr>\r\n							<tr>\r\n								<td class="col1">\r\n									Cảm ứng</td>\r\n								<td>\r\n									Kh&ocirc;ng</td>\r\n							</tr>\r\n						</tbody>\r\n					</table>\r\n				</td>\r\n			</tr>\r\n			<tr>\r\n				<td class="col1">\r\n					Bộ xử l&yacute;</td>\r\n				<td>\r\n					<table>\r\n						<tbody>\r\n							<tr>\r\n								<td class="col1">\r\n									H&atilde;ng CPU</td>\r\n								<td>\r\n									Intel</td>\r\n							</tr>\r\n							<tr>\r\n								<td class="col1">\r\n									C&ocirc;ng nghệ CPU</td>\r\n								<td>\r\n									Core i5</td>\r\n							</tr>\r\n							<tr>\r\n								<td class="col1">\r\n									Loại CPU</td>\r\n								<td>\r\n									4200U</td>\r\n							</tr>\r\n							<tr>\r\n								<td class="col1">\r\n									Tốc độ</td>\r\n								<td>\r\n									1.6Ghz</td>\r\n							</tr>\r\n							<tr>\r\n								<td class="col1">\r\n									Bộ nhớ đệm</td>\r\n								<td>\r\n									3MB L3 cache</td>\r\n							</tr>\r\n							<tr>\r\n								<td class="col1">\r\n									Tốc độ tối đa</td>\r\n								<td>\r\n									2.6 GHz</td>\r\n							</tr>\r\n						</tbody>\r\n					</table>\r\n				</td>\r\n			</tr>\r\n			<tr>\r\n				<td class="col1">\r\n					Bo mạch</td>\r\n				<td>\r\n					<table>\r\n						<tbody>\r\n							<tr>\r\n								<td class="col1">\r\n									Chipset</td>\r\n								<td>\r\n									Intel Haswell Chipset</td>\r\n							</tr>\r\n							<tr>\r\n								<td class="col1">\r\n									Tốc độ Bus</td>\r\n								<td>\r\n									1600Mhz</td>\r\n							</tr>\r\n						</tbody>\r\n					</table>\r\n				</td>\r\n			</tr>\r\n		</tbody>\r\n	</table>\r\n\r\n', 0),
(26, 'Dell', 'Dell N7548', '../images/temp/Dell Inspiron-3446_logo.jpg', '20.990.000', 'Bộ xử lý : Intel Core i7 5500U\r\nRAM : 8 GB\r\nHDD : 1 TB\r\nĐồ họa : AMD R7 M270 4 GB', 2, '', '\r\n	<table class="productinfo">\r\n		<tbody>\r\n			<tr>\r\n				<td class="col1">\r\n					M&agrave;n h&igrave;nh</td>\r\n				<td>\r\n					<table>\r\n						<tbody>\r\n							<tr>\r\n								<td class="col1">\r\n									K&iacute;ch thước m&agrave;n h&igrave;nh</td>\r\n								<td>\r\n									15.6 inch</td>\r\n							</tr>\r\n							<tr>\r\n								<td class="col1">\r\n									Độ ph&acirc;n giải (W x H)</td>\r\n								<td>\r\n									1366 x 768 pixels</td>\r\n							</tr>\r\n							<tr>\r\n								<td class="col1">\r\n									C&ocirc;ng nghệ m&agrave;n h&igrave;nh</td>\r\n								<td>\r\n									HD LED</td>\r\n							</tr>\r\n							<tr>\r\n								<td class="col1">\r\n									Cảm ứng</td>\r\n								<td>\r\n									Kh&ocirc;ng</td>\r\n							</tr>\r\n						</tbody>\r\n					</table>\r\n				</td>\r\n			</tr>\r\n			<tr>\r\n				<td class="col1">\r\n					Bộ xử l&yacute;</td>\r\n				<td>\r\n					<table>\r\n						<tbody>\r\n							<tr>\r\n								<td class="col1">\r\n									H&atilde;ng CPU</td>\r\n								<td>\r\n									Intel</td>\r\n							</tr>\r\n							<tr>\r\n								<td class="col1">\r\n									C&ocirc;ng nghệ CPU</td>\r\n								<td>\r\n									Core i7</td>\r\n							</tr>\r\n							<tr>\r\n								<td class="col1">\r\n									Loại CPU</td>\r\n								<td>\r\n									5500U</td>\r\n							</tr>\r\n							<tr>\r\n								<td class="col1">\r\n									Tốc độ</td>\r\n								<td>\r\n									2.4 Ghz</td>\r\n							</tr>\r\n							<tr>\r\n								<td class="col1">\r\n									Bộ nhớ đệm</td>\r\n								<td>\r\n									4 MB (L3 Cache)</td>\r\n							</tr>\r\n							<tr>\r\n								<td class="col1">\r\n									Tốc độ tối đa</td>\r\n								<td>\r\n									3.0Ghz</td>\r\n							</tr>\r\n						</tbody>\r\n					</table>\r\n				</td>\r\n			</tr>\r\n			<tr>\r\n				<td class="col1">\r\n					Bo mạch</td>\r\n				<td>\r\n					<table>\r\n						<tbody>\r\n							<tr>\r\n								<td class="col1">\r\n									Chipset</td>\r\n								<td>\r\n									Intel Chipset</td>\r\n							</tr>\r\n							<tr>\r\n								<td class="col1">\r\n									Tốc độ Bus</td>\r\n								<td>\r\n									1600 MHz</td>\r\n							</tr>\r\n						</tbody>\r\n					</table>\r\n				</td>\r\n			</tr>\r\n		</tbody>\r\n	</table>\r\n\r\n', 0),
(27, 'Dell', 'Dell V5480', '../images/temp/Dell Inspiron-5448_logo.jpg', '15.490.000', 'Bộ xử lý : Intel Core i5 5200U\r\nRAM : 4 GB\r\nHDD : 500 GB\r\nĐồ họa :  Nvidia GT830M 2GB', 2, '', '\r\n	<table class="productinfo">\r\n		<tbody>\r\n			<tr>\r\n				<td class="col1">\r\n					M&agrave;n h&igrave;nh</td>\r\n				<td>\r\n					<table>\r\n						<tbody>\r\n							<tr>\r\n								<td class="col1">\r\n									K&iacute;ch thước m&agrave;n h&igrave;nh</td>\r\n								<td>\r\n									14 inch</td>\r\n							</tr>\r\n							<tr>\r\n								<td class="col1">\r\n									Độ ph&acirc;n giải (W x H)</td>\r\n								<td>\r\n									1366 x 768 pixels</td>\r\n							</tr>\r\n							<tr>\r\n								<td class="col1">\r\n									C&ocirc;ng nghệ m&agrave;n h&igrave;nh</td>\r\n								<td>\r\n									HD LED</td>\r\n							</tr>\r\n							<tr>\r\n								<td class="col1">\r\n									Cảm ứng</td>\r\n								<td>\r\n									Kh&ocirc;ng</td>\r\n							</tr>\r\n						</tbody>\r\n					</table>\r\n				</td>\r\n			</tr>\r\n			<tr>\r\n				<td class="col1">\r\n					Bộ xử l&yacute;</td>\r\n				<td>\r\n					<table>\r\n						<tbody>\r\n							<tr>\r\n								<td class="col1">\r\n									H&atilde;ng CPU</td>\r\n								<td>\r\n									Intel</td>\r\n							</tr>\r\n							<tr>\r\n								<td class="col1">\r\n									C&ocirc;ng nghệ CPU</td>\r\n								<td>\r\n									Core i5</td>\r\n							</tr>\r\n							<tr>\r\n								<td class="col1">\r\n									Loại CPU</td>\r\n								<td>\r\n									5200U</td>\r\n							</tr>\r\n							<tr>\r\n								<td class="col1">\r\n									Tốc độ</td>\r\n								<td>\r\n									2.2 Ghz</td>\r\n							</tr>\r\n							<tr>\r\n								<td class="col1">\r\n									Bộ nhớ đệm</td>\r\n								<td>\r\n									3 MB (L3 Cache)</td>\r\n							</tr>\r\n							<tr>\r\n								<td class="col1">\r\n									Tốc độ tối đa</td>\r\n								<td>\r\n									2.7 GHz</td>\r\n							</tr>\r\n						</tbody>\r\n					</table>\r\n				</td>\r\n			</tr>\r\n			<tr>\r\n				<td class="col1">\r\n					Bo mạch</td>\r\n				<td>\r\n					<table>\r\n						<tbody>\r\n							<tr>\r\n								<td class="col1">\r\n									Chipset</td>\r\n								<td>\r\n									Intel Chipset</td>\r\n							</tr>\r\n							<tr>\r\n								<td class="col1">\r\n									Tốc độ Bus</td>\r\n								<td>\r\n									1600 MHz</td>\r\n							</tr>\r\n						</tbody>\r\n					</table>\r\n				</td>\r\n			</tr>\r\n		</tbody>\r\n	</table>\r\n\r\n', 0),
(28, 'Dell', 'Dell Latitude E7440', '../images/temp/Dell Inspiron-7746_4.jpg', '23.000.000', 'Bộ xử lý : Intel Core i5 4200U\r\nRAM : 4 GB\r\nHDD : 500 GB\r\nĐồ họa : Intel HD Graphics', 1, '', '\r\n	<table class="productinfo">\r\n		<tbody>\r\n			<tr>\r\n				<td class="col1">\r\n					M&agrave;n h&igrave;nh</td>\r\n				<td>\r\n					<table>\r\n						<tbody>\r\n							<tr>\r\n								<td class="col1">\r\n									K&iacute;ch thước m&agrave;n h&igrave;nh</td>\r\n								<td>\r\n									14 inch</td>\r\n							</tr>\r\n							<tr>\r\n								<td class="col1">\r\n									Độ ph&acirc;n giải (W x H)</td>\r\n								<td>\r\n									1366 x 768 pixels</td>\r\n							</tr>\r\n							<tr>\r\n								<td class="col1">\r\n									C&ocirc;ng nghệ m&agrave;n h&igrave;nh</td>\r\n								<td>\r\n									LED Blacklit</td>\r\n							</tr>\r\n							<tr>\r\n								<td class="col1">\r\n									Cảm ứng</td>\r\n								<td>\r\n									Kh&ocirc;ng</td>\r\n							</tr>\r\n						</tbody>\r\n					</table>\r\n				</td>\r\n			</tr>\r\n			<tr>\r\n				<td class="col1">\r\n					Bộ xử l&yacute;</td>\r\n				<td>\r\n					<table>\r\n						<tbody>\r\n							<tr>\r\n								<td class="col1">\r\n									H&atilde;ng CPU</td>\r\n								<td>\r\n									Intel</td>\r\n							</tr>\r\n							<tr>\r\n								<td class="col1">\r\n									C&ocirc;ng nghệ CPU</td>\r\n								<td>\r\n									Core i5</td>\r\n							</tr>\r\n							<tr>\r\n								<td class="col1">\r\n									Loại CPU</td>\r\n								<td>\r\n									4300U</td>\r\n							</tr>\r\n							<tr>\r\n								<td class="col1">\r\n									Tốc độ</td>\r\n								<td>\r\n									1.9 Ghz</td>\r\n							</tr>\r\n							<tr>\r\n								<td class="col1">\r\n									Bộ nhớ đệm</td>\r\n								<td>\r\n									3 MB (L3 Cache)</td>\r\n							</tr>\r\n							<tr>\r\n								<td class="col1">\r\n									Tốc độ tối đa</td>\r\n								<td>\r\n									2.9 GHz</td>\r\n							</tr>\r\n						</tbody>\r\n					</table>\r\n				</td>\r\n			</tr>\r\n			<tr>\r\n				<td class="col1">\r\n					Bo mạch</td>\r\n				<td>\r\n					<table>\r\n						<tbody>\r\n							<tr>\r\n								<td class="col1">\r\n									Chipset</td>\r\n								<td>\r\n									Intel Chipset</td>\r\n							</tr>\r\n							<tr>\r\n								<td class="col1">\r\n									Tốc độ Bus</td>\r\n								<td>\r\n									1600 MHz</td>\r\n							</tr>\r\n						</tbody>\r\n					</table>\r\n				</td>\r\n			</tr>\r\n		</tbody>\r\n	</table>\r\n\r\n', 0),
(29, 'Dell', 'Dell N5447 i5-4210U', '../images/temp/Dell Inspiron-N5437_logo.jpg', '13.490.000', 'Bộ xử lý : Intel Core i5\r\nRAM : 6 GB\r\nHDD : 1 TB\r\nĐồ họa : Intel HD 4400', 2, '', '\r\n	<table class="productinfo">\r\n		<tbody>\r\n			<tr>\r\n				<td class="col1">\r\n					M&agrave;n h&igrave;nh</td>\r\n				<td>\r\n					<table>\r\n						<tbody>\r\n							<tr>\r\n								<td class="col1">\r\n									K&iacute;ch thước m&agrave;n h&igrave;nh</td>\r\n								<td>\r\n									14 inch</td>\r\n							</tr>\r\n							<tr>\r\n								<td class="col1">\r\n									Độ ph&acirc;n giải (W x H)</td>\r\n								<td>\r\n									1366 x 768 pixels</td>\r\n							</tr>\r\n							<tr>\r\n								<td class="col1">\r\n									C&ocirc;ng nghệ m&agrave;n h&igrave;nh</td>\r\n								<td>\r\n									HD LED</td>\r\n							</tr>\r\n							<tr>\r\n								<td class="col1">\r\n									Cảm ứng</td>\r\n								<td>\r\n									Kh&ocirc;ng</td>\r\n							</tr>\r\n						</tbody>\r\n					</table>\r\n				</td>\r\n			</tr>\r\n			<tr>\r\n				<td class="col1">\r\n					Bộ xử l&yacute;</td>\r\n				<td>\r\n					<table>\r\n						<tbody>\r\n							<tr>\r\n								<td class="col1">\r\n									H&atilde;ng CPU</td>\r\n								<td>\r\n									Intel</td>\r\n							</tr>\r\n							<tr>\r\n								<td class="col1">\r\n									C&ocirc;ng nghệ CPU</td>\r\n								<td>\r\n									Core i5</td>\r\n							</tr>\r\n							<tr>\r\n								<td class="col1">\r\n									Loại CPU</td>\r\n								<td>\r\n									4210U</td>\r\n							</tr>\r\n							<tr>\r\n								<td class="col1">\r\n									Tốc độ</td>\r\n								<td>\r\n									1.7 Ghz</td>\r\n							</tr>\r\n							<tr>\r\n								<td class="col1">\r\n									Bộ nhớ đệm</td>\r\n								<td>\r\n									3 MB (L3 Cache)</td>\r\n							</tr>\r\n							<tr>\r\n								<td class="col1">\r\n									Tốc độ tối đa</td>\r\n								<td>\r\n									2.7 GHz</td>\r\n							</tr>\r\n						</tbody>\r\n					</table>\r\n				</td>\r\n			</tr>\r\n			<tr>\r\n				<td class="col1">\r\n					Bo mạch</td>\r\n				<td>\r\n					<table>\r\n						<tbody>\r\n							<tr>\r\n								<td class="col1">\r\n									Chipset</td>\r\n								<td>\r\n									Intel Chipset</td>\r\n							</tr>\r\n							<tr>\r\n								<td class="col1">\r\n									Tốc độ Bus</td>\r\n								<td>\r\n									1600 MHz</td>\r\n							</tr>\r\n						</tbody>\r\n					</table>\r\n				</td>\r\n			</tr>\r\n		</tbody>\r\n	</table>\r\n\r\n', 0),
(30, 'Dell', 'Dell V5470', '../images/temp/Dell Inspiron-N5447A_logo.jpg', '11.990.000', 'Bộ xử lý : Intel Core i3 4030U\r\nRAM : 4 GB\r\nHDD : 500 GB\r\nĐồ họa : Intel HD Graphics 4400', 2, 'Túi xách chính hãng', '\r\n	<table class="productinfo">\r\n		<tbody>\r\n			<tr>\r\n				<td class="col1">\r\n					M&agrave;n h&igrave;nh</td>\r\n				<td>\r\n					<table>\r\n						<tbody>\r\n							<tr>\r\n								<td class="col1">\r\n									K&iacute;ch thước m&agrave;n h&igrave;nh</td>\r\n								<td>\r\n									14 inch</td>\r\n							</tr>\r\n							<tr>\r\n								<td class="col1">\r\n									Độ ph&acirc;n giải (W x H)</td>\r\n								<td>\r\n									1366 x 768 pixels</td>\r\n							</tr>\r\n							<tr>\r\n								<td class="col1">\r\n									C&ocirc;ng nghệ m&agrave;n h&igrave;nh</td>\r\n								<td>\r\n									HD LED</td>\r\n							</tr>\r\n							<tr>\r\n								<td class="col1">\r\n									Cảm ứng</td>\r\n								<td>\r\n									Kh&ocirc;ng</td>\r\n							</tr>\r\n						</tbody>\r\n					</table>\r\n				</td>\r\n			</tr>\r\n			<tr>\r\n				<td class="col1">\r\n					Bộ xử l&yacute;</td>\r\n				<td>\r\n					<table>\r\n						<tbody>\r\n							<tr>\r\n								<td class="col1">\r\n									H&atilde;ng CPU</td>\r\n								<td>\r\n									Intel</td>\r\n							</tr>\r\n							<tr>\r\n								<td class="col1">\r\n									C&ocirc;ng nghệ CPU</td>\r\n								<td>\r\n									Core i3</td>\r\n							</tr>\r\n							<tr>\r\n								<td class="col1">\r\n									Loại CPU</td>\r\n								<td>\r\n									4030U</td>\r\n							</tr>\r\n							<tr>\r\n								<td class="col1">\r\n									Tốc độ</td>\r\n								<td>\r\n									1.9 Ghz</td>\r\n							</tr>\r\n							<tr>\r\n								<td class="col1">\r\n									Bộ nhớ đệm</td>\r\n								<td>\r\n									3 MB (L3 Cache)</td>\r\n							</tr>\r\n							<tr>\r\n								<td class="col1">\r\n									Tốc độ tối đa</td>\r\n								<td>\r\n									Kh&ocirc;ng</td>\r\n							</tr>\r\n						</tbody>\r\n					</table>\r\n				</td>\r\n			</tr>\r\n			<tr>\r\n				<td class="col1">\r\n					Bo mạch</td>\r\n				<td>\r\n					<table>\r\n						<tbody>\r\n							<tr>\r\n								<td class="col1">\r\n									Chipset</td>\r\n								<td>\r\n									Intel Chipset</td>\r\n							</tr>\r\n							<tr>\r\n								<td class="col1">\r\n									Tốc độ Bus</td>\r\n								<td>\r\n									1600 MHz</td>\r\n							</tr>\r\n						</tbody>\r\n					</table>\r\n				</td>\r\n			</tr>\r\n		</tbody>\r\n	</table>\r\n\r\n', 0),
(31, 'Dell', 'Dell N3542', '../images/temp/Dell Inspiron-N5547_logo.jpg', '10.990.000', 'Bộ xử lý : Intel Core i3 4005U\r\nRAM : 4GB\r\nHDD : 500 GB\r\nĐồ họa : GeForce 820M', 1, 'Túi xách chính hãng', '\r\n	<table class="productinfo">\r\n		<tbody>\r\n			<tr>\r\n				<td class="col1">\r\n					M&agrave;n h&igrave;nh</td>\r\n				<td>\r\n					<table>\r\n						<tbody>\r\n							<tr>\r\n								<td class="col1">\r\n									K&iacute;ch thước m&agrave;n h&igrave;nh</td>\r\n								<td>\r\n									15.6 inch</td>\r\n							</tr>\r\n							<tr>\r\n								<td class="col1">\r\n									Độ ph&acirc;n giải (W x H)</td>\r\n								<td>\r\n									1366 x 768 pixels</td>\r\n							</tr>\r\n							<tr>\r\n								<td class="col1">\r\n									C&ocirc;ng nghệ m&agrave;n h&igrave;nh</td>\r\n								<td>\r\n									HD LED</td>\r\n							</tr>\r\n							<tr>\r\n								<td class="col1">\r\n									Cảm ứng</td>\r\n								<td>\r\n									Kh&ocirc;ng</td>\r\n							</tr>\r\n						</tbody>\r\n					</table>\r\n				</td>\r\n			</tr>\r\n			<tr>\r\n				<td class="col1">\r\n					Bộ xử l&yacute;</td>\r\n				<td>\r\n					<table>\r\n						<tbody>\r\n							<tr>\r\n								<td class="col1">\r\n									H&atilde;ng CPU</td>\r\n								<td>\r\n									Intel</td>\r\n							</tr>\r\n							<tr>\r\n								<td class="col1">\r\n									C&ocirc;ng nghệ CPU</td>\r\n								<td>\r\n									Core i3</td>\r\n							</tr>\r\n							<tr>\r\n								<td class="col1">\r\n									Loại CPU</td>\r\n								<td>\r\n									4005U</td>\r\n							</tr>\r\n							<tr>\r\n								<td class="col1">\r\n									Tốc độ</td>\r\n								<td>\r\n									1.7 Ghz</td>\r\n							</tr>\r\n							<tr>\r\n								<td class="col1">\r\n									Bộ nhớ đệm</td>\r\n								<td>\r\n									3 MB (L3 Cache)</td>\r\n							</tr>\r\n							<tr>\r\n								<td class="col1">\r\n									Tốc độ tối đa</td>\r\n								<td>\r\n									Kh&ocirc;ng</td>\r\n							</tr>\r\n						</tbody>\r\n					</table>\r\n				</td>\r\n			</tr>\r\n			<tr>\r\n				<td class="col1">\r\n					Bo mạch</td>\r\n				<td>\r\n					<table>\r\n						<tbody>\r\n							<tr>\r\n								<td class="col1">\r\n									Chipset</td>\r\n								<td>\r\n									Intel HM Series</td>\r\n							</tr>\r\n							<tr>\r\n								<td class="col1">\r\n									Tốc độ Bus</td>\r\n								<td>\r\n									1600 MHz</td>\r\n							</tr>\r\n						</tbody>\r\n					</table>\r\n				</td>\r\n			</tr>\r\n		</tbody>\r\n	</table>\r\n\r\n', 0);
INSERT INTO `laptop` (`Id`, `Brand`, `Name`, `Img`, `Price`, `Feature`, `Warrantee`, `Promotion`, `Detail`, `Is_New_Product`) VALUES
(32, 'Dell', 'Dell Ins N5442', '../images/temp/Dell Inspiron-N7548_logo.jpg', '9.990.000', 'Bộ xử lý : Intel Core i3 4005U\r\nRAM : 4 GB\r\nHDD : 500 GB\r\nĐồ họa : Intel HD Graphics 4400', 1, '', '\r\n	<table class="productinfo">\r\n		<tbody>\r\n			<tr>\r\n				<td class="col1">\r\n					M&agrave;n h&igrave;nh</td>\r\n				<td>\r\n					<table>\r\n						<tbody>\r\n							<tr>\r\n								<td class="col1">\r\n									K&iacute;ch thước m&agrave;n h&igrave;nh</td>\r\n								<td>\r\n									14 inch</td>\r\n							</tr>\r\n							<tr>\r\n								<td class="col1">\r\n									Độ ph&acirc;n giải (W x H)</td>\r\n								<td>\r\n									1366 x 768</td>\r\n							</tr>\r\n							<tr>\r\n								<td class="col1">\r\n									C&ocirc;ng nghệ m&agrave;n h&igrave;nh</td>\r\n								<td>\r\n									HD LED</td>\r\n							</tr>\r\n							<tr>\r\n								<td class="col1">\r\n									Cảm ứng</td>\r\n								<td>\r\n									Kh&ocirc;ng</td>\r\n							</tr>\r\n						</tbody>\r\n					</table>\r\n				</td>\r\n			</tr>\r\n			<tr>\r\n				<td class="col1">\r\n					Bộ xử l&yacute;</td>\r\n				<td>\r\n					<table>\r\n						<tbody>\r\n							<tr>\r\n								<td class="col1">\r\n									H&atilde;ng CPU</td>\r\n								<td>\r\n									Intel</td>\r\n							</tr>\r\n							<tr>\r\n								<td class="col1">\r\n									C&ocirc;ng nghệ CPU</td>\r\n								<td>\r\n									Core i3</td>\r\n							</tr>\r\n							<tr>\r\n								<td class="col1">\r\n									Loại CPU</td>\r\n								<td>\r\n									4005U</td>\r\n							</tr>\r\n							<tr>\r\n								<td class="col1">\r\n									Tốc độ</td>\r\n								<td>\r\n									1.7 Ghz</td>\r\n							</tr>\r\n							<tr>\r\n								<td class="col1">\r\n									Bộ nhớ đệm</td>\r\n								<td>\r\n									3 MB (L3 Cache)</td>\r\n							</tr>\r\n							<tr>\r\n								<td class="col1">\r\n									Tốc độ tối đa</td>\r\n								<td>\r\n									Kh&ocirc;ng</td>\r\n							</tr>\r\n						</tbody>\r\n					</table>\r\n				</td>\r\n			</tr>\r\n			<tr>\r\n				<td class="col1">\r\n					Bo mạch</td>\r\n				<td>\r\n					<table>\r\n						<tbody>\r\n							<tr>\r\n								<td class="col1">\r\n									Chipset</td>\r\n								<td>\r\n									Intel Chipset</td>\r\n							</tr>\r\n							<tr>\r\n								<td class="col1">\r\n									Tốc độ Bus</td>\r\n								<td>\r\n									1600 MHz</td>\r\n							</tr>\r\n						</tbody>\r\n					</table>\r\n				</td>\r\n			</tr>\r\n		</tbody>\r\n	</table>\r\n\r\n', 0),
(33, 'Toshiba', 'Toshiba C50-B2023', '../images/temp/Toshiba PSDP2A-00F002_logo.jpg', '9.490.000', 'Bộ xử lý : Intel Core i3 3217U\r\nRAM : 4 GB\r\nHDD : 500 GB', 1, '', '\r\n	<table class="productinfo">\r\n		<tbody>\r\n			<tr>\r\n				<td class="col1">\r\n					M&agrave;n h&igrave;nh</td>\r\n				<td>\r\n					<table>\r\n						<tbody>\r\n							<tr>\r\n								<td class="col1">\r\n									K&iacute;ch thước m&agrave;n h&igrave;nh</td>\r\n								<td>\r\n									15.6 inch</td>\r\n							</tr>\r\n							<tr>\r\n								<td class="col1">\r\n									Độ ph&acirc;n giải (W x H)</td>\r\n								<td>\r\n									1366 x 768 pixels</td>\r\n							</tr>\r\n							<tr>\r\n								<td class="col1">\r\n									C&ocirc;ng nghệ m&agrave;n h&igrave;nh</td>\r\n								<td>\r\n									HD LED</td>\r\n							</tr>\r\n							<tr>\r\n								<td class="col1">\r\n									Cảm ứng</td>\r\n								<td>\r\n									Kh&ocirc;ng</td>\r\n							</tr>\r\n						</tbody>\r\n					</table>\r\n				</td>\r\n			</tr>\r\n			<tr>\r\n				<td class="col1">\r\n					Bộ xử l&yacute;</td>\r\n				<td>\r\n					<table>\r\n						<tbody>\r\n							<tr>\r\n								<td class="col1">\r\n									H&atilde;ng CPU</td>\r\n								<td>\r\n									Intel</td>\r\n							</tr>\r\n							<tr>\r\n								<td class="col1">\r\n									C&ocirc;ng nghệ CPU</td>\r\n								<td>\r\n									Core i3</td>\r\n							</tr>\r\n							<tr>\r\n								<td class="col1">\r\n									Loại CPU</td>\r\n								<td>\r\n									3217U</td>\r\n							</tr>\r\n							<tr>\r\n								<td class="col1">\r\n									Tốc độ</td>\r\n								<td>\r\n									1.8 Ghz</td>\r\n							</tr>\r\n							<tr>\r\n								<td class="col1">\r\n									Bộ nhớ đệm</td>\r\n								<td>\r\n									3 MB (L3 Cache)</td>\r\n							</tr>\r\n							<tr>\r\n								<td class="col1">\r\n									Tốc độ tối đa</td>\r\n								<td>\r\n									Kh&ocirc;ng</td>\r\n							</tr>\r\n						</tbody>\r\n					</table>\r\n				</td>\r\n			</tr>\r\n			<tr>\r\n				<td class="col1">\r\n					Bo mạch</td>\r\n				<td>\r\n					<table>\r\n						<tbody>\r\n							<tr>\r\n								<td class="col1">\r\n									Chipset</td>\r\n								<td>\r\n									Intel Chipset</td>\r\n							</tr>\r\n							<tr>\r\n								<td class="col1">\r\n									Tốc độ Bus</td>\r\n								<td>\r\n									1600 MHz</td>\r\n							</tr>\r\n						</tbody>\r\n					</table>\r\n				</td>\r\n			</tr>\r\n		</tbody>\r\n	</table>\r\n\r\n', 0),
(34, 'Toshiba', 'Toshiba Satellite L50-A108X', '../images/temp/Toshiba PSKTBA-002001_logo.jpg', '13.490.000', 'CPU: Core i5-4200M\r\nRAM: 4G DDR3\r\nỔ Cứng: 500G\r\nMàn hình:  15.6 HD 200 CSV LD\r\nGPU: VGA rời 2GB', 1, '', '<table class="productinfo">\r\n	<tbody>\r\n		<tr>\r\n			<td class="col1">\r\n				M&agrave;n h&igrave;nh</td>\r\n			<td>\r\n				<table>\r\n					<tbody>\r\n						<tr>\r\n							<td class="col1">\r\n								K&iacute;ch thước m&agrave;n h&igrave;nh</td>\r\n							<td>\r\n								15.6 inch</td>\r\n						</tr>\r\n						<tr>\r\n							<td class="col1">\r\n								Độ ph&acirc;n giải (W x H)</td>\r\n							<td>\r\n								1366 x 768 pixels</td>\r\n						</tr>\r\n						<tr>\r\n							<td class="col1">\r\n								C&ocirc;ng nghệ m&agrave;n h&igrave;nh</td>\r\n							<td>\r\n								HD LED</td>\r\n						</tr>\r\n						<tr>\r\n							<td class="col1">\r\n								Cảm ứng</td>\r\n							<td>\r\n								Kh&ocirc;ng</td>\r\n						</tr>\r\n					</tbody>\r\n				</table>\r\n			</td>\r\n		</tr>\r\n		<tr>\r\n			<td class="col1">\r\n				Bộ xử l&yacute;</td>\r\n			<td>\r\n				<table>\r\n					<tbody>\r\n						<tr>\r\n							<td class="col1">\r\n								H&atilde;ng CPU</td>\r\n							<td>\r\n								Intel</td>\r\n						</tr>\r\n						<tr>\r\n							<td class="col1">\r\n								C&ocirc;ng nghệ CPU</td>\r\n							<td>\r\n								Core i5-4200M</td>\r\n						</tr>\r\n						<tr>\r\n							<td class="col1">\r\n								Loại CPU</td>\r\n							<td>\r\n								4200M</td>\r\n						</tr>\r\n						<tr>\r\n							<td class="col1">\r\n								Tốc độ</td>\r\n							<td>\r\n								2.50GHz</td>\r\n						</tr>\r\n						<tr>\r\n							<td class="col1">\r\n								Bộ nhớ đệm</td>\r\n							<td>\r\n								3MB L3 cache</td>\r\n						</tr>\r\n						<tr>\r\n							<td class="col1">\r\n								Tốc độ tối đa</td>\r\n							<td>\r\n								3.1Ghz</td>\r\n						</tr>\r\n					</tbody>\r\n				</table>\r\n			</td>\r\n		</tr>\r\n		<tr>\r\n			<td class="col1">\r\n				Bo mạch</td>\r\n			<td>\r\n				<table>\r\n					<tbody>\r\n						<tr>\r\n							<td class="col1">\r\n								Chipset</td>\r\n							<td>\r\n								Mobile Intel&reg; HM86 Express Chipset</td>\r\n						</tr>\r\n						<tr>\r\n							<td class="col1">\r\n								Tốc độ Bus</td>\r\n							<td>\r\n								1600 MHz</td>\r\n						</tr>\r\n					</tbody>\r\n				</table>\r\n			</td>\r\n		</tr>\r\n	</tbody>\r\n</table>\r\n', 0),
(35, 'Toshiba', 'Toshiba L40-AS125X-PSKHWL-00D00', '../images/temp/Toshiba PSKVUA-00D001_logo.jpg', '12.990.000', 'Bộ xử lý: Intel Core i5 4200U - 1.6Ghz\r\nRAM: 2GB - DDR3 \r\nHDD: HDD - 500GB ', 1, '', '\r\n	<table class="productinfo">\r\n		<tbody>\r\n			<tr>\r\n				<td class="col1">\r\n					M&agrave;n h&igrave;nh</td>\r\n				<td>\r\n					<table>\r\n						<tbody>\r\n							<tr>\r\n								<td class="col1">\r\n									K&iacute;ch thước m&agrave;n h&igrave;nh</td>\r\n								<td>\r\n									14 inch</td>\r\n							</tr>\r\n							<tr>\r\n								<td class="col1">\r\n									Độ ph&acirc;n giải (W x H)</td>\r\n								<td>\r\n									1366 x 768 pixels</td>\r\n							</tr>\r\n							<tr>\r\n								<td class="col1">\r\n									C&ocirc;ng nghệ m&agrave;n h&igrave;nh</td>\r\n								<td>\r\n									HD LED</td>\r\n							</tr>\r\n							<tr>\r\n								<td class="col1">\r\n									Cảm ứng</td>\r\n								<td>\r\n									Kh&ocirc;ng</td>\r\n							</tr>\r\n						</tbody>\r\n					</table>\r\n				</td>\r\n			</tr>\r\n			<tr>\r\n				<td class="col1">\r\n					Bộ xử l&yacute;</td>\r\n				<td>\r\n					<table>\r\n						<tbody>\r\n							<tr>\r\n								<td class="col1">\r\n									H&atilde;ng CPU</td>\r\n								<td>\r\n									Intel</td>\r\n							</tr>\r\n							<tr>\r\n								<td class="col1">\r\n									C&ocirc;ng nghệ CPU</td>\r\n								<td>\r\n									Core i5</td>\r\n							</tr>\r\n							<tr>\r\n								<td class="col1">\r\n									Loại CPU</td>\r\n								<td>\r\n									4200U</td>\r\n							</tr>\r\n							<tr>\r\n								<td class="col1">\r\n									Tốc độ</td>\r\n								<td>\r\n									1.60 GHz</td>\r\n							</tr>\r\n							<tr>\r\n								<td class="col1">\r\n									Bộ nhớ đệm</td>\r\n								<td>\r\n									3 MB (L3 Cache)</td>\r\n							</tr>\r\n							<tr>\r\n								<td class="col1">\r\n									Tốc độ tối đa</td>\r\n								<td>\r\n									2.6 GHz</td>\r\n							</tr>\r\n						</tbody>\r\n					</table>\r\n				</td>\r\n			</tr>\r\n			<tr>\r\n				<td class="col1">\r\n					Bo mạch</td>\r\n				<td>\r\n					<table>\r\n						<tbody>\r\n							<tr>\r\n								<td class="col1">\r\n									Chipset</td>\r\n								<td>\r\n									Intel Core i5 4200U</td>\r\n							</tr>\r\n							<tr>\r\n								<td class="col1">\r\n									Tốc độ Bus</td>\r\n								<td>\r\n									1600 MHz</td>\r\n							</tr>\r\n						</tbody>\r\n					</table>\r\n				</td>\r\n			</tr>\r\n		</tbody>\r\n	</table>\r\n\r\n', 0),
(36, 'Sony', 'Sony Vaio SVF14N13CX/B', '../images/temp/Vaio SVD13211SGW_logo.jpeg', '19.790.000', 'Bộ xử lý : Intel Core i5 4200U \r\nRAM : 8 GB\r\nHDD : 500 GB\r\nĐồ họa : Intel HD Graphics', 1, 'Túi xách chính hãng', '\r\n	<table class="productinfo">\r\n		<tbody>\r\n			<tr>\r\n				<td class="col1">\r\n					M&agrave;n h&igrave;nh</td>\r\n				<td>\r\n					<table>\r\n						<tbody>\r\n							<tr>\r\n								<td class="col1">\r\n									K&iacute;ch thước m&agrave;n h&igrave;nh</td>\r\n								<td>\r\n									14 inch</td>\r\n							</tr>\r\n							<tr>\r\n								<td class="col1">\r\n									Độ ph&acirc;n giải (W x H)</td>\r\n								<td>\r\n									1920 x 1080 pixels</td>\r\n							</tr>\r\n							<tr>\r\n								<td class="col1">\r\n									C&ocirc;ng nghệ m&agrave;n h&igrave;nh</td>\r\n								<td>\r\n									Full HD</td>\r\n							</tr>\r\n							<tr>\r\n								<td class="col1">\r\n									Cảm ứng</td>\r\n								<td>\r\n									C&oacute;</td>\r\n							</tr>\r\n						</tbody>\r\n					</table>\r\n				</td>\r\n			</tr>\r\n			<tr>\r\n				<td class="col1">\r\n					Bộ xử l&yacute;</td>\r\n				<td>\r\n					<table>\r\n						<tbody>\r\n							<tr>\r\n								<td class="col1">\r\n									H&atilde;ng CPU</td>\r\n								<td>\r\n									Intel</td>\r\n							</tr>\r\n							<tr>\r\n								<td class="col1">\r\n									C&ocirc;ng nghệ CPU</td>\r\n								<td>\r\n									Core i5</td>\r\n							</tr>\r\n							<tr>\r\n								<td class="col1">\r\n									Loại CPU</td>\r\n								<td>\r\n									4200U</td>\r\n							</tr>\r\n							<tr>\r\n								<td class="col1">\r\n									Tốc độ</td>\r\n								<td>\r\n									1.60 GHz</td>\r\n							</tr>\r\n							<tr>\r\n								<td class="col1">\r\n									Bộ nhớ đệm</td>\r\n								<td>\r\n									3 MB (L3 Cache)</td>\r\n							</tr>\r\n							<tr>\r\n								<td class="col1">\r\n									Tốc độ tối đa</td>\r\n								<td>\r\n									2.6 GHz</td>\r\n							</tr>\r\n						</tbody>\r\n					</table>\r\n				</td>\r\n			</tr>\r\n			<tr>\r\n				<td class="col1">\r\n					Bo mạch</td>\r\n				<td>\r\n					<table>\r\n						<tbody>\r\n							<tr>\r\n								<td class="col1">\r\n									Chipset</td>\r\n								<td>\r\n									Intel Chipset</td>\r\n							</tr>\r\n							<tr>\r\n								<td class="col1">\r\n									Tốc độ Bus</td>\r\n								<td>\r\n									1600 MHz</td>\r\n							</tr>\r\n						</tbody>\r\n					</table>\r\n				</td>\r\n			</tr>\r\n		</tbody>\r\n	</table>\r\n\r\n', 0),
(37, 'Sony', 'Sony Vaio SVP13213CYB', '../images/temp/Vaio SVD13217PGB_logo.jpeg', '23.490.000', 'Bộ xử lý : Intel Core i5 4200U\r\nRAM : 4 GB\r\nSSD : 128 GB\r\nĐồ họa : Intel HD Graphics', 2, 'Ổ cứng di động TOSHIBA 1TB', '<table class="productinfo">\r\n	<tbody>\r\n		<tr>\r\n			<td class="col1">\r\n				M&agrave;n h&igrave;nh</td>\r\n			<td>\r\n				<table>\r\n					<tbody>\r\n						<tr>\r\n							<td class="col1">\r\n								K&iacute;ch thước m&agrave;n h&igrave;nh</td>\r\n							<td>\r\n								13.3 inch</td>\r\n						</tr>\r\n						<tr>\r\n							<td class="col1">\r\n								Độ ph&acirc;n giải (W x H)</td>\r\n							<td>\r\n								1920 x 1080 pixels</td>\r\n						</tr>\r\n						<tr>\r\n							<td class="col1">\r\n								C&ocirc;ng nghệ m&agrave;n h&igrave;nh</td>\r\n							<td>\r\n								Full HD</td>\r\n						</tr>\r\n						<tr>\r\n							<td class="col1">\r\n								Cảm ứng</td>\r\n							<td>\r\n								C&oacute;</td>\r\n						</tr>\r\n					</tbody>\r\n				</table>\r\n			</td>\r\n		</tr>\r\n		<tr>\r\n			<td class="col1">\r\n				Bộ xử l&yacute;</td>\r\n			<td>\r\n				<table>\r\n					<tbody>\r\n						<tr>\r\n							<td class="col1">\r\n								H&atilde;ng CPU</td>\r\n							<td>\r\n								Intel</td>\r\n						</tr>\r\n						<tr>\r\n							<td class="col1">\r\n								C&ocirc;ng nghệ CPU</td>\r\n							<td>\r\n								Core i5</td>\r\n						</tr>\r\n						<tr>\r\n							<td class="col1">\r\n								Loại CPU</td>\r\n							<td>\r\n								4200U</td>\r\n						</tr>\r\n						<tr>\r\n							<td class="col1">\r\n								Tốc độ</td>\r\n							<td>\r\n								1.60 GHz</td>\r\n						</tr>\r\n						<tr>\r\n							<td class="col1">\r\n								Bộ nhớ đệm</td>\r\n							<td>\r\n								3 MB (L3 Cache)</td>\r\n						</tr>\r\n						<tr>\r\n							<td class="col1">\r\n								Tốc độ tối đa</td>\r\n							<td>\r\n								2.6 GHz</td>\r\n						</tr>\r\n					</tbody>\r\n				</table>\r\n			</td>\r\n		</tr>\r\n		<tr>\r\n			<td class="col1">\r\n				Bo mạch</td>\r\n			<td>\r\n				<table>\r\n					<tbody>\r\n						<tr>\r\n							<td class="col1">\r\n								Chipset</td>\r\n							<td>\r\n								Intel Chipset</td>\r\n						</tr>\r\n						<tr>\r\n							<td class="col1">\r\n								Tốc độ Bus</td>\r\n							<td>\r\n								1600 MHz</td>\r\n						</tr>\r\n					</tbody>\r\n				</table>\r\n			</td>\r\n		</tr>\r\n	</tbody>\r\n</table>\r\n', 0),
(38, 'Sony', 'SONY VAIO SVT11213CX/B', '../images/temp/Vaio SVD13211SGW_1.jpeg', '15.190.000', '', 2, '', '<table class="productinfo">\r\n	<tbody>\r\n		<tr>\r\n			<td class="col1">\r\n				M&agrave;n h&igrave;nh</td>\r\n			<td>\r\n				<table>\r\n					<tbody>\r\n						<tr>\r\n							<td class="col1">\r\n								K&iacute;ch thước m&agrave;n h&igrave;nh</td>\r\n							<td>\r\n								11.6 inch</td>\r\n						</tr>\r\n						<tr>\r\n							<td class="col1">\r\n								Độ ph&acirc;n giải (W x H)</td>\r\n							<td>\r\n								1920 x 1080 pixels</td>\r\n						</tr>\r\n						<tr>\r\n							<td class="col1">\r\n								C&ocirc;ng nghệ m&agrave;n h&igrave;nh</td>\r\n							<td>\r\n								Ful HD IPS</td>\r\n						</tr>\r\n						<tr>\r\n							<td class="col1">\r\n								Cảm ứng</td>\r\n							<td>\r\n								C&oacute;</td>\r\n						</tr>\r\n					</tbody>\r\n				</table>\r\n			</td>\r\n		</tr>\r\n		<tr>\r\n			<td class="col1">\r\n				Bộ xử l&yacute;</td>\r\n			<td>\r\n				<table>\r\n					<tbody>\r\n						<tr>\r\n							<td class="col1">\r\n								H&atilde;ng CPU</td>\r\n							<td>\r\n								Intel</td>\r\n						</tr>\r\n						<tr>\r\n							<td class="col1">\r\n								C&ocirc;ng nghệ CPU</td>\r\n							<td>\r\n								Celeron</td>\r\n						</tr>\r\n						<tr>\r\n							<td class="col1">\r\n								Loại CPU</td>\r\n							<td>\r\n								P3560Y</td>\r\n						</tr>\r\n						<tr>\r\n							<td class="col1">\r\n								Tốc độ</td>\r\n							<td>\r\n								1.2Ghz</td>\r\n						</tr>\r\n						<tr>\r\n							<td class="col1">\r\n								Bộ nhớ đệm</td>\r\n							<td>\r\n								2MB cache</td>\r\n						</tr>\r\n						<tr>\r\n							<td class="col1">\r\n								Tốc độ tối đa</td>\r\n							<td>\r\n								Kh&ocirc;ng</td>\r\n						</tr>\r\n					</tbody>\r\n				</table>\r\n			</td>\r\n		</tr>\r\n		<tr>\r\n			<td class="col1">\r\n				Bo mạch</td>\r\n			<td>\r\n				<table>\r\n					<tbody>\r\n						<tr>\r\n							<td class="col1">\r\n								Chipset</td>\r\n							<td>\r\n								Intel Chipset</td>\r\n						</tr>\r\n						<tr>\r\n							<td class="col1">\r\n								Tốc độ Bus</td>\r\n							<td>\r\n								1600 MHz</td>\r\n						</tr>\r\n					</tbody>\r\n				</table>\r\n			</td>\r\n		</tr>\r\n	</tbody>\r\n</table>\r\n', 0),
(39, 'Sony', 'SONY VAIO SVF1532DCY/W', '../images/temp/Vaio SVP13218PGB_logo.jpeg', '18.990.000', 'Bộ xử lý : Intel Core i5 4200U\r\nRAM : 4 GB\r\nHDD : 500 GB\r\nĐồ họa  : Intel HD Graphics', 1, 'Ổ cứng di động TOSHIBA 1TB', '<table class="productinfo">\r\n	<tbody>\r\n		<tr>\r\n			<td class="col1">\r\n				M&agrave;n h&igrave;nh</td>\r\n			<td>\r\n				<table>\r\n					<tbody>\r\n						<tr>\r\n							<td class="col1">\r\n								K&iacute;ch thước m&agrave;n h&igrave;nh</td>\r\n							<td>\r\n								15.5 inch</td>\r\n						</tr>\r\n						<tr>\r\n							<td class="col1">\r\n								Độ ph&acirc;n giải (W x H)</td>\r\n							<td>\r\n								1920 x 1080 pixels</td>\r\n						</tr>\r\n						<tr>\r\n							<td class="col1">\r\n								C&ocirc;ng nghệ m&agrave;n h&igrave;nh</td>\r\n							<td>\r\n								Full HD</td>\r\n						</tr>\r\n						<tr>\r\n							<td class="col1">\r\n								Cảm ứng</td>\r\n							<td>\r\n								C&oacute;</td>\r\n						</tr>\r\n					</tbody>\r\n				</table>\r\n			</td>\r\n		</tr>\r\n		<tr>\r\n			<td class="col1">\r\n				Bộ xử l&yacute;</td>\r\n			<td>\r\n				<table>\r\n					<tbody>\r\n						<tr>\r\n							<td class="col1">\r\n								H&atilde;ng CPU</td>\r\n							<td>\r\n								Intel</td>\r\n						</tr>\r\n						<tr>\r\n							<td class="col1">\r\n								C&ocirc;ng nghệ CPU</td>\r\n							<td>\r\n								Core i5</td>\r\n						</tr>\r\n						<tr>\r\n							<td class="col1">\r\n								Loại CPU</td>\r\n							<td>\r\n								4200U</td>\r\n						</tr>\r\n						<tr>\r\n							<td class="col1">\r\n								Tốc độ</td>\r\n							<td>\r\n								1.60 GHz</td>\r\n						</tr>\r\n						<tr>\r\n							<td class="col1">\r\n								Bộ nhớ đệm</td>\r\n							<td>\r\n								3MB cache</td>\r\n						</tr>\r\n						<tr>\r\n							<td class="col1">\r\n								Tốc độ tối đa</td>\r\n							<td>\r\n								2.6 GHz</td>\r\n						</tr>\r\n					</tbody>\r\n				</table>\r\n			</td>\r\n		</tr>\r\n		<tr>\r\n			<td class="col1">\r\n				Bo mạch</td>\r\n			<td>\r\n				<table>\r\n					<tbody>\r\n						<tr>\r\n							<td class="col1">\r\n								Chipset</td>\r\n							<td>\r\n								Intel Chipset</td>\r\n						</tr>\r\n						<tr>\r\n							<td class="col1">\r\n								Tốc độ Bus</td>\r\n							<td>\r\n								1600 MHz</td>\r\n						</tr>\r\n					</tbody>\r\n				</table>\r\n			</td>\r\n		</tr>\r\n	</tbody>\r\n</table>\r\n', 0),
(40, 'Sony', 'Sony Vaio SVF1532AGX', '../images/temp/Vaio SVP13223SGS_logo.jpeg', '18.290.000', 'Bộ xử lý : Intel Core i5 4200U\r\nRAM : 4 GB\r\nHDD : 500 GB\r\nĐồ họa : NVIDIA 740M-1GB', 1, '', '\r\n	<table class="productinfo">\r\n		<tbody>\r\n			<tr>\r\n				<td class="col1">\r\n					M&agrave;n h&igrave;nh</td>\r\n				<td>\r\n					<table>\r\n						<tbody>\r\n							<tr>\r\n								<td class="col1">\r\n									K&iacute;ch thước m&agrave;n h&igrave;nh</td>\r\n								<td>\r\n									15.5 inch</td>\r\n							</tr>\r\n							<tr>\r\n								<td class="col1">\r\n									Độ ph&acirc;n giải (W x H)</td>\r\n								<td>\r\n									1920 x 1080 pixels</td>\r\n							</tr>\r\n							<tr>\r\n								<td class="col1">\r\n									C&ocirc;ng nghệ m&agrave;n h&igrave;nh</td>\r\n								<td>\r\n									Full HD</td>\r\n							</tr>\r\n							<tr>\r\n								<td class="col1">\r\n									Cảm ứng</td>\r\n								<td>\r\n									Kh&ocirc;ng</td>\r\n							</tr>\r\n						</tbody>\r\n					</table>\r\n				</td>\r\n			</tr>\r\n			<tr>\r\n				<td class="col1">\r\n					Bộ xử l&yacute;</td>\r\n				<td>\r\n					<table>\r\n						<tbody>\r\n							<tr>\r\n								<td class="col1">\r\n									H&atilde;ng CPU</td>\r\n								<td>\r\n									Intel</td>\r\n							</tr>\r\n							<tr>\r\n								<td class="col1">\r\n									C&ocirc;ng nghệ CPU</td>\r\n								<td>\r\n									Core i5</td>\r\n							</tr>\r\n							<tr>\r\n								<td class="col1">\r\n									Loại CPU</td>\r\n								<td>\r\n									4200U</td>\r\n							</tr>\r\n							<tr>\r\n								<td class="col1">\r\n									Tốc độ</td>\r\n								<td>\r\n									1.60 GHz</td>\r\n							</tr>\r\n							<tr>\r\n								<td class="col1">\r\n									Bộ nhớ đệm</td>\r\n								<td>\r\n									3 MB (L3 Cache)</td>\r\n							</tr>\r\n							<tr>\r\n								<td class="col1">\r\n									Tốc độ tối đa</td>\r\n								<td>\r\n									2.6 GHz</td>\r\n							</tr>\r\n						</tbody>\r\n					</table>\r\n				</td>\r\n			</tr>\r\n			<tr>\r\n				<td class="col1">\r\n					Bo mạch</td>\r\n				<td>\r\n					&lt;/\r\n					<table>\r\n						<tbody>\r\n							<tr>\r\n								<td class="col1">\r\n									Chipset</td>\r\n								<td>\r\n									Intel Chipset</td>\r\n							</tr>\r\n							<tr>\r\n								<td class="col1">\r\n									Tốc độ Bus</td>\r\n								<td>\r\n									1600 MHz</td>\r\n							</tr>\r\n						</tbody>\r\n					</table>\r\n				</td>\r\n			</tr>\r\n		</tbody>\r\n	</table>\r\n\r\n', 1);

-- --------------------------------------------------------

--
-- Table structure for table `pc`
--

CREATE TABLE IF NOT EXISTS `pc` (
`Id` int(11) NOT NULL,
  `Name` varchar(50) COLLATE utf8_unicode_ci NOT NULL,
  `Img` varchar(150) COLLATE utf8_unicode_ci NOT NULL,
  `Price` varchar(11) COLLATE utf8_unicode_ci NOT NULL,
  `Feature` varchar(1000) COLLATE utf8_unicode_ci NOT NULL,
  `Warrantee` int(11) NOT NULL,
  `Promotion` varchar(100) CHARACTER SET utf8 NOT NULL,
  `Brand` varchar(20) CHARACTER SET utf8 NOT NULL,
  `Detail` varchar(5000) CHARACTER SET utf8 NOT NULL
) ENGINE=InnoDB AUTO_INCREMENT=7 DEFAULT CHARSET=utf8 COLLATE=utf8_unicode_ci;

--
-- Dumping data for table `pc`
--

INSERT INTO `pc` (`Id`, `Name`, `Img`, `Price`, `Feature`, `Warrantee`, `Promotion`, `Brand`, `Detail`) VALUES
(4, 'Dell Vostro 3900MT 70056880', '../images/pc/h1.jpg', '8.790.000', 'CPU: Intel Core i3 4160 3.6GHz, 3MB\r\nVGA: Intel HD4600 Graphic\r\nRam: 4GB DDR3 1600MHz SDRAM\r\nHDD: 500GB SATA\r\nDVD: DVD RW', 1, 'Keyboard + Mouse', 'Dell - PC', ''),
(5, 'Dell Inspiron 5348 70052612', '../images/pc/h2.jpg', '19.800.800', 'CPU: Intel Core i3 4150 3.5GHz, 3MB\r\nLCD: 23.0 inches HD\r\nRam: 4GB DDR3\r\nHDD: 1TB HDD SATA\r\nDVD: DVDRW', 1, 'Keyboard + Mouse', 'Dell - PC', ''),
(6, 'HP ProOne 600 G1 F7B89PA', '../images/pc/h3.jpg', '23.590.000', 'CPU: Intel Core i5 4670S 3.1GHz, 6MB\r\nLCD: 21.5 inches IPS\r\nVGA: 2GB AMD HD 7650A\r\nRam: 4GB 1600 DDR3\r\nHDD: 1TB HDD SATA\r\nDVD: DVD RW', 1, 'Keyboard + Mouse', 'HP - PC', '');

--
-- Indexes for dumped tables
--

--
-- Indexes for table `accessories`
--
ALTER TABLE `accessories`
 ADD PRIMARY KEY (`Id`);

--
-- Indexes for table `category`
--
ALTER TABLE `category`
 ADD PRIMARY KEY (`Id`);

--
-- Indexes for table `category_detail`
--
ALTER TABLE `category_detail`
 ADD PRIMARY KEY (`Id`), ADD KEY `category_id` (`Category_id`);

--
-- Indexes for table `customer`
--
ALTER TABLE `customer`
 ADD PRIMARY KEY (`Id`);

--
-- Indexes for table `laptop`
--
ALTER TABLE `laptop`
 ADD PRIMARY KEY (`Id`), ADD UNIQUE KEY `Id` (`Id`), ADD KEY `Id_2` (`Id`), ADD FULLTEXT KEY `Feature` (`Feature`);

--
-- Indexes for table `pc`
--
ALTER TABLE `pc`
 ADD PRIMARY KEY (`Id`);

--
-- AUTO_INCREMENT for dumped tables
--

--
-- AUTO_INCREMENT for table `accessories`
--
ALTER TABLE `accessories`
MODIFY `Id` int(11) unsigned NOT NULL AUTO_INCREMENT,AUTO_INCREMENT=9;
--
-- AUTO_INCREMENT for table `category`
--
ALTER TABLE `category`
MODIFY `Id` int(11) NOT NULL AUTO_INCREMENT,AUTO_INCREMENT=7;
--
-- AUTO_INCREMENT for table `category_detail`
--
ALTER TABLE `category_detail`
MODIFY `Id` int(11) NOT NULL AUTO_INCREMENT,AUTO_INCREMENT=43;
--
-- AUTO_INCREMENT for table `customer`
--
ALTER TABLE `customer`
MODIFY `Id` int(11) NOT NULL AUTO_INCREMENT,AUTO_INCREMENT=10;
--
-- AUTO_INCREMENT for table `laptop`
--
ALTER TABLE `laptop`
MODIFY `Id` int(11) NOT NULL AUTO_INCREMENT,AUTO_INCREMENT=41;
--
-- AUTO_INCREMENT for table `pc`
--
ALTER TABLE `pc`
MODIFY `Id` int(11) NOT NULL AUTO_INCREMENT,AUTO_INCREMENT=7;
--
-- Constraints for dumped tables
--

--
-- Constraints for table `category_detail`
--
ALTER TABLE `category_detail`
ADD CONSTRAINT `category_detail_ibfk_1` FOREIGN KEY (`Category_id`) REFERENCES `category` (`Id`) ON DELETE NO ACTION ON UPDATE CASCADE;

/*!40101 SET CHARACTER_SET_CLIENT=@OLD_CHARACTER_SET_CLIENT */;
/*!40101 SET CHARACTER_SET_RESULTS=@OLD_CHARACTER_SET_RESULTS */;
/*!40101 SET COLLATION_CONNECTION=@OLD_COLLATION_CONNECTION */;
